Team Name,Vs,Total Yards,Total Plays,Yards Per Play,Time of Possession,1st Down,Passing 1st Down,Rushing 1st Down,1st Down From Penalties,3rd Downs Converted,3rd Down Attempts,4th Downs Converted,4th Down Attempts,Red Zone Score,Red Zone Trips,Goal To Go Score,Goal To Go Trips,Passing Yards,Pass Completions,Pass Attempts,Yards Per Pass,Passing Touchdowns,Sacks Allowed,Sack Yards Lost,Rushing Yards,Rush Attempts,Yards Per Rush,Rushing Touchdowns,Penalties Committed,Penalty Yards,Turnovers,Fumbles Lost,Interceptions Thrown,Defense/Special Teams Touchdowns,Interception For Touchdown,Fumble Recovery For Touchdown,Kickoff Return For Touchdown,Punt Return For Touchdown,Field Goals Made,Field Goal Attempts,Extra Points Made,Extra Point Attempts,Safeties,Two Points Converted,Two Points Attempted,GameID
BAL,KC,452,74,6.1,33:43,25,11,13,1,7,14,1,2,1,4,0,2,267,26,41,6.5,1,1,6,185,32,5.8,1,7,64,1,1,0,0,0,0,0,0,2,3,2,2,0,0,0,2656437
KC,BAL,353,50,7.1,26:17,21,15,4,2,4,9,0,0,1,3,1,1,281,20,28,10.0,1,2,10,72,20,3.6,2,6,45,1,0,1,0,0,0,0,0,2,2,3,3,0,0,0,2656437
GB,PHI,414,58,7.1,27:13,19,9,7,3,3,11,1,1,1,4,1,2,251,17,35,7.2,2,2,9,163,21,7.8,1,10,71,1,0,1,0,0,0,0,0,3,4,2,2,0,0,1,2656520
PHI,GB,410,74,5.5,32:47,25,14,8,3,4,14,1,1,3,6,0,1,266,20,34,7.8,2,2,12,144,38,3.8,2,7,57,3,1,2,0,0,0,0,0,2,2,4,4,0,0,0,2656520
PIT,ATL,270,66,4.1,35:36,16,6,9,1,8,17,0,1,0,2,0,1,133,17,23,5.8,0,2,23,137,41,3.3,0,9,60,0,0,0,0,0,0,0,0,6,6,0,0,0,0,0,2656644
ATL,PIT,226,50,4.5,24:24,15,8,6,1,2,9,1,1,1,2,0,1,137,16,26,5.3,1,2,18,89,22,4.0,0,5,34,3,1,2,0,0,0,0,0,1,1,1,1,0,0,0,2656644
ARZ,BUF,270,60,4.5,29:30,18,10,7,1,7,13,0,1,2,4,2,2,146,21,31,4.7,1,4,16,124,25,5.0,1,5,31,1,1,0,1,0,0,1,0,2,2,2,2,0,1,1,2656646
BUF,ARZ,352,58,6.1,30:30,23,11,8,4,3,9,2,2,4,6,1,2,222,18,23,9.7,2,2,10,130,33,3.9,2,9,65,1,1,0,0,0,0,0,0,2,2,4,4,0,0,0,2656646
TEN,CHI,244,61,4.0,34:54,16,6,9,1,3,14,1,2,1,2,1,1,104,19,32,3.3,1,3,23,140,26,5.4,1,8,50,3,1,2,0,0,0,0,0,1,1,2,2,0,0,0,2656652
CHI,TEN,148,53,2.8,25:06,11,5,6,0,2,13,2,2,0,1,0,1,64,14,29,2.2,0,2,29,84,22,3.8,0,7,55,1,1,0,1,1,0,0,0,3,3,1,1,0,1,1,2656652
NE,CIN,290,64,4.5,34:03,17,6,11,0,6,15,0,0,1,4,1,1,120,15,24,5.0,0,1,1,170,39,4.4,1,5,40,0,0,0,0,0,0,0,0,3,3,1,1,0,0,0,2656657
CIN,NE,224,48,4.7,25:57,13,7,5,1,4,11,0,1,1,2,1,1,154,21,29,5.3,0,3,10,70,16,4.4,1,2,10,2,2,0,0,0,0,0,0,1,1,1,1,0,0,0,2656657
HOU,IND,417,76,5.5,40:00,26,13,11,2,7,14,2,2,3,3,2,2,204,24,32,6.4,2,4,30,213,40,5.3,1,5,30,0,0,0,0,0,0,0,0,3,3,2,2,0,0,1,2656662
IND,HOU,303,43,7.0,20:00,14,4,9,1,5,10,1,2,2,3,2,2,199,9,19,10.5,2,2,13,104,22,4.7,2,4,20,1,0,1,0,0,0,0,0,0,0,3,3,0,0,1,2656662
JAC,MIA,267,50,5.3,26:50,17,8,7,2,2,10,0,1,2,3,1,1,139,12,21,6.6,1,3,23,128,26,4.9,1,8,71,1,1,0,0,0,0,0,0,1,1,2,2,0,0,0,2656671
MIA,JAC,400,65,6.2,33:10,18,11,5,2,8,16,0,2,1,2,1,1,319,23,37,8.6,1,3,19,81,25,3.2,1,9,103,0,0,0,0,0,0,0,0,2,3,2,2,0,0,0,2656671
CAR,NO,193,55,3.5,23:21,11,7,2,2,1,10,1,3,1,2,1,1,135,13,31,4.4,0,4,26,58,20,2.9,1,6,80,3,1,2,0,0,0,0,0,1,1,1,1,0,0,0,2656677
NO,CAR,379,62,6.1,36:39,22,7,13,2,7,13,0,0,4,4,2,2,199,19,24,8.3,3,1,1,180,37,4.9,2,10,95,1,1,0,0,0,0,0,0,4,4,5,5,0,0,0,2656677
MIN,NYG,312,51,6.1,27:34,17,8,7,2,3,10,1,1,2,2,1,1,201,19,24,8.4,2,1,7,111,26,4.3,1,7,63,2,1,1,1,1,0,0,0,0,0,4,4,0,0,0,2656682
NYG,MIN,240,68,3.5,32:26,14,8,5,1,7,18,1,3,0,3,0,1,166,22,42,4.0,0,5,20,74,21,3.5,0,9,95,2,0,2,0,0,0,0,0,2,2,0,0,0,0,0,2656682
LV,LAC,296,59,5.0,31:44,14,12,1,1,5,14,0,1,0,1,0,0,225,25,33,6.8,1,4,32,71,22,3.2,0,2,15,3,2,1,0,0,0,0,0,1,2,1,1,0,0,0,2656691
LAC,LV,316,54,5.9,28:16,11,6,5,0,4,15,0,0,2,4,0,1,140,17,26,5.4,1,1,4,176,27,6.5,1,7,50,0,0,0,0,0,0,0,0,3,3,1,1,0,0,1,2656691
DEN,SEA,231,69,3.3,31:14,13,6,7,0,5,18,1,1,1,4,1,2,132,26,42,3.1,0,2,6,99,25,4.0,1,8,60,3,1,2,0,0,0,0,0,3,3,1,1,2,0,0,2656703
SEA,DEN,304,60,5.1,28:46,19,11,5,3,4,12,0,0,0,1,0,1,158,18,25,6.3,1,2,13,146,33,4.4,2,6,41,2,1,1,0,0,0,0,0,2,2,2,2,0,0,1,2656703
DAL,CLE,265,60,4.4,29:06,15,8,7,0,4,14,0,0,1,1,1,1,163,19,32,5.1,1,3,16,102,25,4.1,1,11,85,0,0,0,1,0,0,0,1,4,4,3,3,0,0,0,2656439
CLE,DAL,230,70,3.3,30:54,15,8,5,2,2,15,3,5,2,2,2,2,137,24,45,3.0,1,6,32,93,19,4.9,1,11,64,2,0,2,0,0,0,0,0,1,1,2,2,0,0,0,2656439
WAS,TB,299,56,5.3,26:19,22,7,12,3,2,8,1,1,3,3,2,2,161,17,24,6.7,0,2,23,138,30,4.6,3,7,51,0,0,0,0,0,0,0,0,0,2,2,2,0,0,1,2656708
TB,WAS,392,61,6.4,33:41,22,15,4,3,9,13,0,0,3,5,2,2,280,24,30,9.3,4,1,9,112,30,3.7,0,7,46,0,0,0,0,0,0,0,0,3,3,4,4,0,0,0,2656708
LA,DET,387,74,5.2,34:56,26,15,8,3,5,12,1,2,2,5,2,4,304,34,49,6.2,1,2,13,83,23,3.6,1,6,50,1,0,1,0,0,0,0,0,2,2,2,2,0,0,0,2656716
DET,LA,363,61,6.0,29:45,21,7,12,2,6,13,1,1,2,4,2,3,200,18,28,7.1,1,2,17,163,31,5.3,2,6,56,1,0,1,0,0,0,0,0,2,2,2,2,0,0,0,2656716
NYJ,SF,266,49,5.4,21:20,14,11,3,0,6,10,0,1,2,2,1,1,198,19,29,6.8,2,1,5,68,19,3.6,1,3,10,2,1,1,0,0,0,0,0,0,0,1,1,0,0,2,2656518
SF,NYJ,401,70,5.7,38:40,24,12,10,2,6,13,0,0,2,5,2,2,221,19,29,7.6,0,3,10,180,38,4.7,2,4,40,0,0,0,0,0,0,0,0,6,6,2,2,0,0,0,2656518
BUF,MIA,247,45,5.5,23:41,13,5,7,1,3,9,1,1,2,2,1,1,139,13,19,7.3,1,0,0,108,26,4.2,2,1,5,0,0,0,1,1,0,0,0,1,2,4,4,0,0,0,2656517
MIA,BUF,351,75,4.7,36:19,20,12,8,0,7,15,1,5,1,4,1,2,212,25,39,5.4,1,2,13,139,34,4.1,0,7,50,3,0,3,0,0,0,0,0,1,1,1,1,0,0,0,2656517
LV,BAL,260,60,4.3,30:43,18,14,1,3,4,12,0,1,2,3,2,3,233,30,38,6.1,1,5,43,27,17,1.6,1,3,15,1,0,1,0,0,0,0,0,4,4,2,2,0,0,0,2656732
BAL,LV,383,63,6.1,29:17,21,14,5,2,3,11,1,1,2,3,2,2,232,21,34,6.8,1,2,15,151,27,5.6,1,11,109,1,0,1,0,0,0,0,0,3,4,2,2,0,0,0,2656732
LAC,CAR,349,65,5.4,36:18,21,8,10,3,9,16,0,0,1,2,1,1,130,14,20,6.5,2,1,0,219,44,5.0,1,3,15,2,1,1,0,0,0,0,0,2,2,2,3,0,0,0,2656737
CAR,LAC,159,46,3.5,23:42,7,3,4,0,1,12,1,3,0,0,0,0,69,18,26,2.7,0,2,15,90,18,5.0,0,9,90,1,0,1,0,0,0,0,0,1,1,0,0,0,0,0,2656737
NO,DAL,432,56,7.7,30:31,24,8,15,1,5,8,0,0,4,5,3,3,242,11,16,15.1,2,1,1,190,39,4.9,4,5,40,1,0,1,0,0,0,0,0,1,1,5,6,0,0,0,2656741
DAL,NO,353,66,5.3,29:29,20,13,5,2,6,13,1,3,0,3,0,0,285,28,42,6.8,1,3,14,68,21,3.2,0,4,26,2,0,2,0,0,0,0,0,4,4,1,1,0,0,0,2656741
TB,DET,216,47,4.6,26:07,14,9,3,2,2,10,0,0,1,2,0,1,146,12,19,7.7,1,5,39,70,23,3.0,1,4,35,1,0,1,0,0,0,0,0,2,2,2,2,0,0,0,2656746
DET,TB,463,83,5.6,33:53,26,16,7,3,7,17,3,5,1,7,1,2,324,35,56,5.8,0,0,0,139,27,5.1,1,4,71,2,0,2,0,0,0,0,0,3,3,1,1,0,0,0,2656746
IND,GB,338,53,6.4,19:49,19,10,8,1,2,9,1,2,1,2,1,1,198,17,34,5.8,1,1,6,140,18,7.8,0,3,20,3,0,3,0,0,0,0,0,1,2,1,1,0,0,0,2656749
GB,IND,383,67,5.7,40:11,19,6,13,0,10,17,0,0,1,3,0,1,122,12,14,8.7,1,0,0,261,53,4.9,0,6,50,1,1,0,0,0,0,0,0,3,4,1,1,0,0,0,2656749
CLE,JAC,297,65,4.6,34:23,17,7,7,3,2,14,3,3,1,1,1,1,172,22,34,5.1,0,2,14,125,29,4.3,1,13,100,0,0,0,0,0,0,0,0,3,3,1,1,1,0,0,2656754
JAC,CLE,323,55,5.9,25:37,18,9,7,2,3,9,0,0,1,4,1,3,196,14,30,6.5,0,4,24,127,21,6.0,1,6,52,0,0,0,0,0,0,0,0,2,3,1,1,0,0,0,2656754
SF,MIN,396,67,5.9,34:48,24,17,5,2,2,10,1,3,2,4,1,2,294,28,36,8.2,1,6,25,102,25,4.1,1,4,30,2,1,1,0,0,0,0,0,1,1,2,2,0,0,0,2656759
MIN,SF,403,54,7.5,25:12,17,9,8,0,7,12,0,0,1,3,1,3,257,17,26,9.9,2,4,11,146,24,6.1,0,7,53,2,1,1,0,0,0,0,0,3,3,2,2,0,0,0,2656759
SEA,NE,358,66,5.4,29:41,18,11,5,2,7,15,1,2,1,3,1,1,312,33,44,7.1,1,3,15,46,19,2.4,1,6,50,0,0,0,0,0,0,0,0,3,3,2,2,0,0,0,2656765
NE,SEA,310,66,4.7,35:42,19,9,8,2,6,16,0,0,2,4,2,2,125,15,27,4.6,1,3,24,185,36,5.1,1,3,42,0,0,0,0,0,0,0,0,2,3,2,2,0,0,0,2656765
NYJ,TEN,265,56,4.7,30:03,16,9,6,1,5,12,0,0,1,2,0,0,164,18,30,5.5,2,2,12,101,24,4.2,1,7,70,0,0,0,0,0,0,0,0,1,1,3,3,0,0,0,2656774
TEN,NYJ,300,60,5.0,29:57,20,7,9,4,5,12,0,1,1,4,1,3,170,19,28,6.1,1,4,22,130,28,4.6,1,5,45,2,1,1,0,0,0,0,0,1,1,2,2,0,0,0,2656774
NYG,WAS,304,51,6.0,22:28,18,11,5,2,4,8,1,2,3,3,1,1,175,16,28,6.3,2,1,3,129,22,5.9,1,5,20,1,1,0,0,0,0,0,0,0,0,0,1,0,0,2,2656781
WAS,NYG,425,69,6.2,37:32,22,11,9,2,7,14,1,1,0,6,0,3,210,23,29,7.2,0,5,16,215,35,6.1,0,10,69,0,0,0,0,0,0,0,0,7,7,0,0,0,0,0,2656781
LA,ARZ,245,52,4.7,23:06,14,9,4,1,2,11,1,3,1,3,1,2,192,19,27,7.1,0,5,24,53,20,2.7,1,2,10,1,1,0,0,0,0,0,0,1,1,1,1,0,0,0,2656788
ARZ,LA,489,62,7.9,36:54,24,9,14,1,7,11,0,0,3,4,2,2,258,17,21,12.3,3,1,8,231,40,5.8,1,5,52,1,1,0,0,0,0,0,0,2,2,5,5,0,0,0,2656788
PIT,DEN,251,58,4.3,32:19,16,7,4,5,4,13,0,0,1,2,1,1,110,13,20,5.5,1,2,7,141,36,3.9,0,10,78,0,0,0,0,0,0,0,0,2,2,1,1,0,0,0,2656795
DEN,PIT,295,56,5.3,27:41,13,8,5,0,2,12,1,2,0,3,0,1,231,20,35,6.6,0,2,15,64,19,3.4,0,9,124,2,0,2,0,0,0,0,0,2,2,0,0,0,0,0,2656795
CIN,KC,320,61,5.2,31:29,18,11,6,1,4,13,2,2,2,4,2,3,246,23,36,6.8,2,3,12,74,22,3.4,0,8,79,1,1,0,0,0,0,0,0,4,4,1,2,0,0,0,2656519
KC,CIN,286,59,4.8,28:31,19,7,9,3,1,8,2,2,1,2,1,2,137,18,25,5.5,2,2,14,149,32,4.7,0,4,44,3,1,2,1,0,1,0,0,2,2,2,2,0,0,1,2656519
CHI,HOU,205,66,3.1,31:13,15,7,3,5,6,17,1,2,1,1,1,1,134,23,37,3.6,0,7,40,71,22,3.2,1,9,60,2,0,2,0,0,0,0,0,2,2,1,1,0,0,0,2656804
HOU,CHI,310,61,5.1,28:47,15,11,4,0,4,14,1,1,1,2,0,1,235,23,36,6.5,1,3,25,75,22,3.4,0,12,115,1,1,0,0,0,0,0,0,4,4,1,1,0,0,0,2656804
ATL,PHI,385,58,6.6,24:21,22,11,9,2,2,9,1,2,1,3,0,1,233,20,29,8.0,2,1,8,152,28,5.4,0,3,40,0,0,0,0,0,0,0,0,3,3,1,1,0,0,1,2656810
PHI,ATL,365,68,5.4,35:39,22,12,10,0,6,13,2,3,2,5,2,2,179,23,30,6.0,1,1,4,186,37,5.0,1,9,53,1,0,1,0,0,0,0,0,2,2,1,1,0,1,1,2656810
NE,NYJ,139,48,2.9,19:56,11,6,3,2,2,11,3,3,0,1,0,1,61,16,26,2.3,0,7,59,78,15,5.2,0,5,70,1,1,0,0,0,0,0,0,1,1,0,0,0,0,0,2656815
NYJ,NE,400,70,5.7,40:04,27,16,9,2,10,15,0,0,3,4,3,3,267,27,35,7.6,2,2,14,133,33,4.0,1,8,106,0,0,0,0,0,0,0,0,1,2,3,3,0,0,0,2656815
NYG,CLE,340,69,4.9,33:56,21,13,7,1,4,14,1,1,3,4,3,4,228,24,35,6.5,2,2,8,112,32,3.5,1,9,68,2,2,0,0,0,0,0,0,0,1,3,3,0,0,0,2656818
CLE,NYG,217,63,3.4,26:04,16,7,7,2,4,14,1,3,1,1,1,1,148,21,37,4.0,2,8,48,69,18,3.8,0,5,48,2,2,0,0,0,0,0,0,0,1,1,1,0,1,1,2656818
CHI,IND,395,84,4.7,35:01,26,18,4,4,9,21,4,5,2,3,1,2,332,33,52,6.4,2,4,31,63,28,2.3,0,4,25,3,1,2,0,0,0,0,0,1,2,1,1,0,0,1,2656823
IND,CHI,306,54,5.7,24:59,15,4,9,2,3,12,0,1,2,3,2,3,156,10,20,7.8,0,1,11,150,33,4.5,3,9,78,2,0,2,0,0,0,0,0,0,0,3,3,0,0,0,2656823
HOU,MIN,296,63,4.7,30:42,17,16,0,1,4,14,2,4,1,2,0,1,258,28,44,5.9,1,5,49,38,14,2.7,0,11,88,2,0,2,0,0,0,0,0,0,1,1,1,0,0,0,2656827
MIN,HOU,274,60,4.6,29:18,19,12,5,2,6,13,1,1,4,5,3,3,156,17,28,5.6,4,4,25,118,28,4.2,0,5,30,0,0,0,0,0,0,0,0,2,2,4,4,0,0,0,2656827
PHI,NO,460,67,6.9,32:15,20,11,8,1,6,14,1,3,1,3,1,1,288,29,38,7.6,0,4,23,172,25,6.9,2,7,45,2,1,1,0,0,0,0,0,0,1,1,1,0,1,1,2656831
NO,PHI,219,55,4.0,27:45,12,7,5,0,6,13,0,1,1,3,0,0,130,14,25,5.2,1,1,12,89,29,3.1,0,3,25,1,0,1,0,0,0,0,0,2,2,0,0,0,0,1,2656831
LAC,PIT,166,45,3.7,26:09,10,7,3,0,3,11,0,0,0,1,0,0,105,14,20,5.3,1,5,44,61,20,3.1,0,7,69,0,0,0,0,0,0,0,0,1,1,1,1,0,0,0,2656836
PIT,LAC,346,65,5.3,33:51,20,9,7,4,7,14,0,0,1,4,0,1,232,25,32,7.3,1,2,13,114,31,3.7,1,3,15,1,0,1,0,0,0,0,0,2,3,2,2,0,0,0,2656836
DEN,TB,352,64,5.5,32:08,18,8,10,0,4,13,2,3,2,4,1,1,216,25,36,6.0,0,0,0,136,28,4.9,2,5,51,1,1,0,0,0,0,0,0,4,4,2,2,0,0,0,2656838
TB,DEN,223,56,4.0,27:52,17,11,4,2,3,11,0,2,1,2,1,2,132,25,33,4.0,1,7,31,91,16,5.7,0,5,19,2,1,1,0,0,0,0,0,0,0,1,1,0,0,0,2656838
GB,TEN,378,59,6.4,32:28,16,6,9,1,5,14,0,0,1,3,1,2,190,13,19,10.0,1,3,12,188,37,5.1,1,10,75,0,0,0,1,1,0,0,0,3,3,3,3,0,0,0,2656848
TEN,GB,237,53,4.5,27:32,18,14,3,1,3,9,0,1,2,2,1,1,204,26,34,6.0,2,8,56,33,11,3.0,0,2,15,3,1,2,0,0,0,0,0,0,0,2,2,0,0,0,2656848
CAR,LV,437,70,6.2,36:02,24,15,8,1,5,12,0,0,3,5,3,3,306,26,37,8.3,3,2,13,131,31,4.2,1,7,51,0,0,0,0,0,0,0,0,3,3,3,3,0,0,1,2656852
LV,CAR,331,59,5.6,23:58,20,15,3,2,3,11,1,3,3,3,2,2,276,27,40,6.9,2,3,20,55,16,3.4,1,6,54,1,0,1,0,0,0,0,0,0,1,2,2,0,1,1,2656852
MIA,SEA,205,56,3.7,28:32,13,8,2,3,1,12,0,3,0,2,0,2,140,20,32,4.4,0,6,46,65,18,3.6,0,11,85,0,0,0,0,0,0,0,0,1,2,0,0,0,0,0,2656854
SEA,MIA,370,60,6.2,31:28,21,13,7,1,3,11,0,0,2,2,1,1,270,26,34,7.9,1,3,19,100,23,4.3,2,11,92,2,0,2,0,0,0,0,0,1,2,3,3,0,0,0,2656854
DET,ARZ,373,68,5.5,36:49,23,11,12,0,6,12,0,1,2,2,2,2,186,18,23,8.1,2,2,13,187,43,4.3,1,9,79,1,0,1,0,0,0,0,0,0,0,2,3,0,0,0,2656858
ARZ,DET,277,53,5.2,23:11,17,10,2,5,1,9,0,2,1,1,1,1,200,21,34,5.9,1,1,7,77,18,4.3,0,4,30,1,0,1,0,0,0,0,0,2,2,1,1,0,0,0,2656858
BAL,DAL,456,60,7.6,34:45,24,8,16,0,4,9,0,0,3,3,2,2,182,12,15,12.1,1,0,0,274,45,6.1,3,13,105,0,0,0,0,0,0,0,0,0,1,4,4,0,0,0,2656860
DAL,BAL,412,70,5.9,25:15,26,18,2,6,7,13,0,1,3,4,1,2,361,28,51,7.1,2,3,18,51,16,3.2,1,6,44,1,1,0,0,0,0,0,0,2,2,1,1,0,0,2,2656860
SF,LA,425,65,6.5,33:27,25,13,8,4,6,11,1,1,2,3,1,1,288,22,30,9.6,3,1,4,137,34,4.0,0,7,111,1,1,0,0,0,0,0,0,1,2,3,3,0,0,0,2656866
LA,SF,296,55,5.4,26:33,19,8,8,3,5,12,2,2,3,5,2,3,198,16,26,7.6,1,3,23,98,26,3.8,2,8,75,0,0,0,0,0,0,0,0,2,2,3,3,0,0,0,2656866
KC,ATL,345,72,4.8,34:57,22,13,9,0,6,14,1,1,2,4,0,1,217,26,39,5.6,2,0,0,128,33,3.9,0,6,61,1,0,1,0,0,0,0,0,3,3,1,2,0,0,0,2656868
ATL,KC,311,56,5.6,25:03,19,11,4,4,2,9,1,3,2,4,1,1,229,20,29,7.9,1,2,1,82,25,3.3,1,6,44,1,0,1,0,0,0,0,0,1,1,2,2,0,0,0,2656868
JAC,BUF,239,68,3.5,28:20,19,10,7,2,2,13,4,8,1,4,1,2,147,26,46,3.2,1,5,53,92,17,5.4,0,7,45,2,1,1,0,0,0,0,0,1,1,1,1,0,0,0,2656871
BUF,JAC,388,60,6.5,31:40,25,15,9,1,6,11,2,2,4,5,3,3,266,24,31,8.6,4,0,0,122,29,4.2,2,6,47,0,0,0,0,0,0,0,0,2,2,5,6,0,0,0,2656871
WAS,CIN,356,57,6.2,33:06,22,13,8,1,5,9,3,3,3,3,3,3,248,21,23,10.8,2,2,6,108,32,3.4,3,3,28,0,0,0,0,0,0,0,0,1,1,5,5,0,0,0,2656876
CIN,WAS,436,60,7.3,26:54,30,18,11,1,6,10,1,1,2,4,2,3,312,29,38,8.2,3,2,12,124,20,6.2,1,5,16,0,0,0,0,0,0,0,0,2,3,3,3,0,0,1,2656876
DAL,NYG,293,51,5.7,24:23,14,9,5,0,3,10,1,1,1,1,1,1,213,22,27,7.9,2,1,8,80,23,3.5,0,11,89,0,0,0,0,0,0,0,0,2,3,2,2,0,0,0,2656697
NYG,DAL,303,65,4.7,35:37,16,12,4,0,5,16,3,4,0,2,0,1,277,29,40,6.9,0,1,4,26,24,1.1,0,4,35,1,0,1,0,0,0,0,0,5,5,0,0,0,0,0,2656697
NO,ATL,366,70,5.2,35:42,25,11,12,2,7,13,1,2,3,4,3,4,235,28,36,6.5,0,1,4,131,33,4.0,3,6,60,2,1,1,0,0,0,0,0,1,1,3,3,0,0,0,2656699
ATL,NO,315,51,6.2,24:18,14,9,4,1,4,11,0,0,0,1,0,0,227,21,35,6.5,0,1,11,88,15,5.9,0,9,76,1,0,1,2,1,1,0,0,4,4,2,2,0,0,0,2656699
CIN,CAR,373,62,6.0,28:58,24,14,6,4,7,13,0,0,3,3,3,3,232,22,31,7.5,2,0,0,141,31,4.5,2,5,39,1,0,1,0,0,0,0,0,2,2,4,4,0,0,0,2656706
CAR,CIN,375,70,5.4,31:02,24,12,10,2,7,14,1,3,2,3,2,3,220,25,41,5.4,2,0,0,155,29,5.3,1,6,37,1,0,1,0,0,0,0,0,1,1,3,3,0,0,0,2656706
LA,CHI,322,58,5.6,31:02,21,11,8,2,5,11,0,0,1,4,1,2,203,20,29,7.0,0,3,21,119,26,4.6,1,6,44,2,1,1,0,0,0,0,0,4,5,0,0,0,0,1,2656709
CHI,LA,264,54,4.9,28:58,17,7,7,3,3,9,0,0,2,4,1,1,133,17,23,5.8,1,3,24,131,28,4.7,2,10,84,0,0,0,0,0,0,0,0,1,1,3,3,0,0,0,2656709
MIN,GB,374,64,5.8,32:15,22,11,8,3,4,11,0,1,3,5,3,3,254,20,28,9.1,3,2,21,120,34,3.5,1,7,55,3,2,1,0,0,0,0,0,1,1,4,4,0,0,0,2656713
GB,MIN,465,74,6.3,27:45,24,19,3,2,4,12,0,2,4,5,1,1,379,32,54,7.0,4,1,10,86,19,4.5,0,8,68,4,1,3,0,0,0,0,0,0,2,3,3,0,1,1,2656713
JAC,HOU,313,58,5.4,26:43,17,11,5,1,4,12,0,1,2,3,1,2,155,18,33,4.7,2,1,14,158,24,6.6,0,6,44,0,0,0,0,0,0,0,0,2,2,2,2,0,0,0,2656718
HOU,JAC,435,68,6.4,33:17,26,20,4,2,7,13,0,0,3,4,2,2,334,27,40,8.4,2,2,11,101,26,3.9,1,12,93,1,1,0,0,0,0,0,0,1,1,3,3,0,0,0,2656718
PIT,IND,404,68,5.9,31:07,23,11,10,2,6,13,0,2,3,4,2,2,282,22,34,8.3,1,4,30,122,30,4.1,2,6,53,2,2,0,0,0,0,0,0,1,1,3,3,0,0,0,2656721
IND,PIT,358,64,5.6,28:53,22,13,7,2,8,15,0,0,3,5,1,1,225,19,30,7.5,2,2,14,133,32,4.2,1,4,38,0,0,0,0,0,0,0,0,2,3,3,3,0,0,0,2656721
DEN,NYJ,186,56,3.3,28:16,12,3,8,1,3,14,0,0,1,1,0,0,60,12,25,2.4,1,0,0,126,31,4.1,0,5,74,1,1,0,0,0,0,0,0,1,2,1,1,0,0,0,2656725
NYJ,DEN,248,70,3.5,31:44,16,10,4,2,4,17,0,1,0,2,0,1,184,24,42,4.4,0,5,41,64,23,2.8,0,13,90,1,1,0,0,0,0,0,0,3,4,0,0,0,0,0,2656725
PHI,TB,227,56,4.1,23:43,16,6,9,1,6,13,1,2,2,3,2,2,114,18,30,3.8,1,6,44,113,20,5.7,1,5,41,2,2,0,0,0,0,0,0,0,0,2,2,0,0,0,2656727
TB,PHI,445,74,6.0,36:17,29,18,9,2,6,13,1,1,4,6,3,4,334,30,47,7.1,2,2,13,111,25,4.4,2,3,20,0,0,0,0,0,0,0,0,2,2,3,4,0,0,0,2656727
WAS,ARZ,449,67,6.7,33:22,29,14,13,2,9,12,1,1,4,5,4,4,233,26,30,7.8,1,0,0,216,37,5.8,4,5,49,1,0,1,0,0,0,0,0,2,2,4,4,0,1,1,2656730
ARZ,WAS,296,58,5.1,26:38,17,5,12,0,4,11,2,3,2,2,1,1,115,16,22,5.2,1,4,27,181,32,5.7,1,4,82,1,1,0,0,0,0,0,0,0,0,2,2,0,0,0,2656730
NE,SF,216,62,3.5,28:25,12,8,2,2,5,16,1,3,1,2,0,0,143,19,32,4.5,1,6,25,73,24,3.0,0,3,20,3,2,1,0,0,0,0,0,2,2,1,1,0,0,0,2656734
SF,NE,431,60,7.2,31:35,19,12,6,1,7,13,0,0,2,4,1,2,283,15,27,10.5,1,1,5,148,32,4.6,1,6,43,2,1,1,1,1,0,0,0,3,3,3,3,0,0,0,2656734
CLE,LV,241,57,4.2,30:42,16,9,6,1,3,10,0,1,1,2,1,1,149,24,32,4.7,1,3,27,92,22,4.2,0,5,38,1,0,1,1,0,1,0,0,1,1,1,2,0,0,0,2656742
LV,CLE,268,55,4.9,29:18,17,7,8,2,4,12,0,0,2,3,1,1,116,14,24,4.8,0,2,14,152,29,5.2,2,6,49,1,1,0,0,0,0,0,0,2,2,2,2,0,0,0,2656742
KC,LAC,329,58,5.7,29:08,16,8,6,2,9,16,0,0,1,2,1,1,228,19,29,7.9,1,3,17,101,26,3.9,1,5,40,2,1,1,0,0,0,0,0,1,2,2,2,0,0,0,2656739
LAC,KC,224,53,4.2,30:52,12,9,3,0,4,13,0,1,1,2,1,1,169,16,27,6.3,1,2,10,55,24,2.3,0,9,51,0,0,0,0,0,0,0,0,1,2,1,1,0,0,0,2656739
BUF,BAL,236,57,4.1,28:57,12,6,5,1,3,13,1,1,1,2,1,1,155,17,31,5.0,0,3,27,81,23,3.5,1,4,38,1,1,0,0,0,0,0,0,1,2,1,1,0,0,0,2656744
BAL,BUF,427,54,7.9,31:03,22,9,11,2,5,9,0,0,4,4,3,3,156,14,19,8.2,2,1,1,271,34,8.0,2,8,79,1,1,0,0,0,0,0,0,0,0,5,5,0,0,0,2656744
TEN,MIA,244,62,3.9,34:52,16,5,8,3,2,12,1,1,2,3,2,3,102,12,21,4.9,0,1,8,142,40,3.6,2,8,69,1,0,1,0,0,0,0,0,5,5,2,2,1,0,0,2656748
MIA,TEN,184,54,3.4,25:08,13,4,6,3,2,12,1,3,1,1,1,1,78,14,22,3.5,0,2,18,106,30,3.5,1,10,98,1,1,0,0,0,0,0,0,2,2,0,0,0,0,1,2656748
SEA,DET,516,78,6.6,34:04,38,22,10,6,5,10,1,2,3,4,3,4,383,38,56,6.8,1,3,12,133,19,7.0,3,8,70,2,1,1,0,0,0,0,0,0,1,3,3,1,0,1,2656753
DET,SEA,389,50,7.8,25:56,21,12,8,1,3,6,0,0,5,5,5,5,273,19,19,14.4,3,3,26,116,28,4.1,3,12,101,0,0,0,0,0,0,0,0,0,0,6,6,0,0,0,2656753
TB,ATL,333,51,6.5,27:38,21,12,8,1,6,11,0,0,2,3,2,2,173,19,24,7.2,3,1,7,160,26,6.2,0,5,47,1,1,0,0,0,0,0,0,3,3,3,3,0,0,0,2656645
ATL,TB,550,81,6.8,33:37,28,24,2,2,6,14,2,3,2,4,0,0,477,42,59,8.1,4,4,32,73,18,4.1,0,8,74,1,0,1,0,0,0,0,0,3,5,3,3,0,0,0,2656645
NYJ,MIN,254,71,3.6,29:23,17,13,2,2,5,17,0,1,2,3,1,1,218,29,54,4.0,2,3,26,36,14,2.6,0,8,76,3,0,3,0,0,0,0,0,1,1,2,2,0,0,0,2656571
MIN,NYJ,253,66,3.8,30:37,17,8,4,5,4,13,0,1,1,1,1,1,171,15,32,5.3,0,4,32,82,30,2.7,1,11,80,2,1,1,1,1,0,0,0,3,3,2,2,0,0,0,2656571
CAR,CHI,292,58,5.0,26:12,14,9,4,1,3,12,1,3,0,2,0,1,172,22,35,4.9,0,4,22,120,19,6.3,1,4,18,3,2,1,0,0,0,0,0,1,2,1,1,0,0,0,2656647
CHI,CAR,424,69,6.1,33:48,24,12,11,1,4,11,0,1,3,4,3,4,296,20,29,10.2,2,1,8,128,39,3.3,3,5,46,0,0,0,0,0,0,0,0,1,1,3,4,0,0,1,2656647
BAL,CIN,520,77,6.8,33:45,30,18,11,1,10,15,1,1,5,6,4,5,345,26,42,8.2,4,1,3,175,34,5.1,1,5,21,1,1,0,0,0,0,0,0,2,2,5,5,0,0,0,2656653
CIN,BAL,442,65,6.8,32:42,23,19,3,1,8,14,0,0,3,3,2,2,371,30,39,9.5,5,3,21,71,23,3.1,0,4,24,1,0,1,0,0,0,0,0,0,1,4,4,1,1,1,2656653
BUF,HOU,276,59,4.7,26:50,16,5,9,2,3,14,1,1,1,3,1,2,126,9,30,4.2,1,1,5,150,28,5.4,1,4,25,0,0,0,0,0,0,0,0,2,2,2,2,0,0,0,2656655
HOU,BUF,425,67,6.3,33:10,18,13,5,0,8,16,0,1,1,2,0,0,331,28,38,8.7,1,1,0,94,28,3.4,1,7,65,2,1,1,0,0,0,0,0,3,3,2,2,0,0,0,2656655
IND,JAC,447,69,6.5,31:32,25,17,7,1,7,14,1,1,3,5,2,2,348,34,45,7.7,3,4,35,99,20,5.0,1,5,34,1,1,0,0,0,0,0,0,2,2,4,4,0,0,0,2656659
JAC,IND,497,57,8.7,28:28,20,13,6,1,3,10,1,2,2,4,1,1,371,28,34,10.9,2,0,0,126,23,5.5,2,3,25,2,1,1,0,0,0,0,0,3,3,4,4,0,0,0,2656659
MIA,NE,372,75,5.0,34:20,24,10,10,4,2,11,0,1,1,2,1,1,179,18,31,5.8,0,3,15,193,41,4.7,1,6,54,2,1,1,0,0,0,0,0,3,4,0,0,0,0,1,2656664
NE,MIA,299,55,5.4,25:40,15,8,5,2,4,13,0,1,0,2,0,0,148,18,34,4.4,0,2,12,151,19,7.9,1,12,105,0,0,0,0,0,0,0,0,1,2,1,1,0,0,0,2656664
CLE,WAS,212,59,3.6,28:42,12,7,4,1,1,13,2,3,1,2,0,1,108,16,29,3.7,1,7,33,104,23,4.5,0,9,52,1,1,0,0,0,0,0,0,2,2,1,1,0,0,0,2656666
WAS,CLE,434,65,6.7,31:18,19,8,10,1,8,17,2,2,3,6,2,3,219,15,28,7.8,1,3,17,215,34,6.3,3,5,31,2,1,1,0,0,0,0,0,2,2,4,4,0,0,0,2656666
LV,DEN,330,65,5.1,31:23,20,13,5,2,7,15,0,1,1,2,1,2,215,22,37,5.8,1,3,16,115,25,4.6,1,11,79,3,0,3,0,0,0,0,0,1,1,1,1,0,1,1,2656670
DEN,LV,289,58,5.0,28:37,18,9,6,3,3,12,1,1,3,4,3,3,180,19,27,6.7,2,3,26,109,28,3.9,1,9,44,0,0,0,1,1,0,0,0,2,2,4,4,0,0,0,2656670
ARZ,SF,358,57,6.3,27:02,19,10,9,0,3,10,1,1,1,3,1,1,189,19,30,6.3,1,1,6,169,26,6.5,1,1,5,1,0,1,0,0,0,0,0,3,4,1,1,0,1,1,2656673
SF,ARZ,384,63,6.1,32:58,22,13,9,0,6,11,0,1,1,6,1,5,231,19,35,6.6,1,2,13,153,26,5.9,0,4,21,3,1,2,0,0,0,0,0,3,3,2,2,0,0,0,2656673
GB,LA,328,58,5.7,27:19,19,8,9,2,1,8,0,0,2,3,2,2,202,15,26,7.8,2,2,22,126,30,4.2,1,7,39,1,0,1,0,0,0,0,0,1,1,3,3,0,0,0,2656683
LA,GB,370,76,4.9,32:41,24,11,12,1,8,16,2,4,2,3,2,3,236,29,45,5.2,1,3,24,134,28,4.8,1,5,30,2,1,1,1,1,0,0,0,0,0,1,2,0,0,1,2656683
NYG,SEA,420,71,5.9,37:22,24,14,8,2,7,16,0,1,1,4,1,2,245,23,34,7.2,2,3,12,175,34,5.1,0,2,20,1,1,0,0,0,0,0,0,3,3,2,2,0,0,1,2656687
SEA,NYG,333,58,5.7,22:38,17,14,3,0,3,11,0,2,1,1,1,1,231,28,40,5.8,1,7,53,102,11,9.3,0,6,30,1,1,0,1,0,1,0,0,2,3,2,2,0,0,0,2656687
DAL,PIT,445,75,5.9,32:29,25,14,9,2,9,15,1,1,1,4,1,1,336,29,42,8.0,2,2,16,109,31,3.5,0,11,87,3,1,2,0,0,0,0,0,2,3,2,2,0,0,0,2656690
PIT,DAL,226,57,4.0,27:31,17,7,6,4,3,12,2,2,2,2,1,1,134,16,28,4.8,2,3,16,92,26,3.5,0,8,50,1,1,0,0,0,0,0,0,1,1,2,2,0,0,0,2656690
NO,KC,220,51,4.3,20:04,14,11,1,2,4,10,0,2,1,1,1,1,174,20,35,5.0,2,1,8,46,15,3.1,0,5,70,1,0,1,0,0,0,0,0,0,0,1,2,0,0,0,2656694
KC,NO,460,80,5.8,39:56,28,15,11,2,6,14,1,1,2,7,2,3,321,28,39,8.2,0,2,10,139,39,3.6,2,6,55,1,0,1,0,0,0,0,0,4,5,2,2,0,0,0,2656694
SF,SEA,483,61,7.9,33:03,21,10,9,2,5,12,0,0,3,5,1,2,255,18,28,9.1,3,0,0,228,33,6.9,1,5,34,0,0,0,0,0,0,0,0,3,3,3,3,0,0,1,2656758
SEA,SF,358,73,4.9,26:57,22,18,3,1,7,16,2,3,2,3,2,3,306,30,52,5.9,1,1,6,52,20,2.6,1,9,69,3,1,2,1,0,0,1,0,1,1,3,3,0,0,0,2656758
JAC,CHI,278,60,4.6,29:20,17,14,3,0,7,15,2,2,2,3,1,2,210,24,36,5.8,2,4,30,68,20,3.4,0,8,43,2,1,1,0,0,0,0,0,1,1,1,1,0,0,1,2656572
CHI,JAC,373,61,6.1,30:40,25,14,8,3,5,11,1,1,4,4,4,4,221,23,29,7.6,4,3,5,152,29,5.2,1,2,10,1,0,1,0,0,0,0,0,0,1,5,5,0,0,0,2656572
WAS,BAL,305,56,5.4,23:52,18,16,1,1,4,12,1,1,2,3,2,2,253,24,35,7.2,2,3,16,52,18,2.9,0,6,46,0,0,0,0,0,0,0,0,3,4,2,2,0,0,0,2656760
BAL,WAS,484,65,7.4,36:08,28,16,9,3,6,10,0,0,3,4,1,1,308,20,26,11.8,1,2,15,176,37,4.8,2,3,33,1,0,1,0,0,0,0,0,3,3,3,3,0,0,0,2656760
ARZ,GB,303,55,5.5,23:25,16,8,5,3,4,10,0,0,1,3,1,1,214,22,32,6.7,1,0,0,89,23,3.9,0,13,100,3,3,0,0,0,0,0,0,2,2,1,1,0,0,0,2656768
GB,ARZ,437,70,6.2,36:35,27,15,9,3,7,12,1,1,2,4,1,1,258,22,32,8.1,4,0,0,179,38,4.7,0,5,40,1,0,1,0,0,0,0,0,2,3,4,4,0,0,0,2656768
HOU,NE,368,62,5.9,30:47,20,13,5,2,4,11,0,0,3,3,3,3,176,20,32,5.5,3,2,16,192,28,6.9,2,4,38,1,0,1,0,0,0,0,0,2,3,5,5,0,0,0,2656771
NE,HOU,291,63,4.6,29:13,17,12,3,2,3,13,2,2,1,1,1,1,209,20,33,6.3,3,4,34,82,26,3.2,0,9,50,4,2,2,0,0,0,0,0,0,0,3,3,0,0,0,2656771
TB,NO,594,72,8.3,34:02,31,15,13,3,6,10,0,0,4,5,3,3,317,24,36,8.8,4,1,8,277,35,7.9,2,12,86,3,0,3,1,0,1,0,0,1,1,6,6,0,0,1,2656773
NO,TB,303,66,4.6,25:58,19,13,3,3,4,13,1,1,2,4,2,2,222,22,40,5.6,1,5,21,81,21,3.9,1,7,70,3,1,2,1,0,0,0,1,2,2,3,3,0,0,0,2656773
CLE,PHI,244,53,4.6,31:27,14,7,6,1,3,12,1,1,0,1,0,1,144,16,23,6.3,0,5,24,100,25,4.0,0,7,55,0,0,0,0,0,0,0,0,3,4,1,1,0,0,0,2656778
PHI,CLE,372,62,6.0,28:33,19,11,8,0,5,14,2,2,0,1,0,0,256,16,25,10.2,2,1,8,116,36,3.2,0,5,40,0,0,0,0,0,0,0,0,2,3,2,2,0,0,0,2656778
IND,TEN,269,66,4.1,29:28,20,11,4,5,7,15,1,1,1,3,0,1,189,22,38,5.0,2,0,0,80,28,2.9,0,5,40,1,0,1,0,0,0,0,0,2,2,2,2,0,0,0,2656783
TEN,IND,241,55,4.4,30:32,16,7,7,2,4,11,1,1,2,2,1,1,95,16,27,3.5,1,0,0,146,28,5.2,1,11,113,1,0,1,0,0,0,0,0,1,1,2,2,0,0,0,2656783
LAC,DEN,350,75,4.7,37:23,22,10,10,2,11,18,0,0,1,3,0,2,222,21,34,6.5,1,3,15,128,38,3.4,1,3,20,0,0,0,0,0,0,0,0,3,3,2,2,0,0,0,2656789
DEN,LAC,316,53,6.0,22:37,17,10,7,0,3,11,2,2,2,2,1,1,206,19,33,6.2,2,2,10,110,18,6.1,0,7,37,2,1,1,0,0,0,0,0,1,1,1,1,0,0,1,2656789
PIT,LV,293,62,4.7,31:51,18,6,10,2,4,13,1,1,2,4,1,3,110,14,24,4.6,0,3,35,183,35,5.2,3,7,50,0,0,0,0,0,0,0,0,4,4,2,2,0,0,1,2656791
LV,PIT,275,60,4.6,28:09,16,11,5,0,2,11,1,3,2,3,1,2,218,27,40,5.5,1,1,9,57,19,3.0,1,4,42,3,2,1,0,0,0,0,0,0,0,1,1,0,0,1,2656791
ATL,CAR,423,68,6.2,30:40,25,11,13,1,6,12,0,0,4,8,3,5,225,19,30,7.5,1,0,0,198,38,5.2,3,5,45,1,1,0,0,0,0,0,0,3,3,3,3,0,1,1,2656794
CAR,ATL,335,62,5.4,29:20,21,12,8,1,5,11,0,1,2,3,0,1,221,26,38,5.8,2,0,0,114,24,4.8,0,10,74,2,0,2,0,0,0,0,0,2,2,2,2,0,0,0,2656794
DET,DAL,492,66,7.5,34:43,27,14,12,1,4,10,1,2,3,5,2,3,308,19,27,11.4,3,3,26,184,36,5.1,2,8,63,0,0,0,0,0,0,0,0,4,4,5,5,0,0,0,2656797
DAL,DET,251,65,3.9,25:17,16,10,2,4,3,13,1,4,0,3,0,1,198,25,44,4.5,0,4,26,53,17,3.1,0,4,30,5,2,3,0,0,0,0,0,3,3,0,0,0,0,0,2656797
CIN,NYG,304,52,5.8,25:53,13,10,3,0,4,11,0,0,0,1,0,1,183,19,28,6.5,0,4,25,121,20,6.1,2,6,67,1,1,0,0,0,0,0,0,1,1,2,2,0,0,0,2656800
NYG,CIN,309,74,4.2,34:07,24,10,11,3,5,15,3,5,1,2,1,1,190,22,41,4.6,0,2,15,119,31,3.8,1,2,9,1,0,1,0,0,0,0,0,0,2,1,1,0,0,0,2656800
BUF,NYJ,359,60,6.0,29:34,24,10,10,4,5,11,0,0,3,4,2,3,210,19,25,8.4,2,2,5,149,33,4.5,1,11,94,0,0,0,0,0,0,0,0,1,2,2,3,0,0,0,2656805
NYJ,BUF,393,59,6.7,30:26,20,12,5,3,4,12,0,0,1,4,1,2,272,23,35,7.8,2,3,22,121,21,5.8,0,11,110,1,0,1,0,0,0,0,0,2,4,2,2,0,0,0,2656805
DEN,NO,389,61,6.4,33:16,22,8,13,1,4,11,0,0,2,3,2,2,164,16,26,6.3,0,0,0,225,35,6.4,2,7,47,1,1,0,1,0,1,0,0,4,4,3,3,0,0,0,2656811
NO,DEN,271,66,4.1,26:44,15,7,6,2,5,17,3,4,1,2,0,0,174,28,39,4.5,1,6,36,97,21,4.6,0,5,35,2,2,0,0,0,0,0,0,1,1,1,1,0,0,0,2656811
NE,JAC,295,54,5.5,26:45,17,13,2,2,6,12,0,1,2,2,0,0,257,26,37,6.9,2,2,19,38,15,2.5,0,7,35,0,0,0,0,0,0,0,0,1,1,1,1,0,0,1,2656573
JAC,NE,364,59,6.2,33:15,23,9,13,1,6,10,0,1,3,5,3,4,193,15,20,9.7,1,0,0,171,39,4.4,2,4,24,0,0,0,1,0,0,0,1,1,1,3,3,0,1,1,2656573
SEA,ATL,339,56,6.1,28:52,20,12,5,3,4,11,1,1,1,2,0,0,236,19,29,8.1,2,1,6,103,26,4.0,1,5,42,0,0,0,1,0,1,0,0,2,2,4,4,0,0,0,2656814
ATL,SEA,369,71,5.2,31:08,22,13,8,1,8,15,2,2,2,2,0,0,214,25,36,5.9,1,3,32,155,32,4.8,1,9,72,3,1,2,0,0,0,0,0,0,1,2,2,0,0,0,2656814
TEN,BUF,289,67,4.3,32:46,18,13,2,3,6,16,1,2,1,3,0,0,200,25,40,5.0,1,3,15,89,24,3.7,0,8,52,2,1,1,0,0,0,0,0,1,1,1,1,0,0,0,2656816
BUF,TEN,389,54,7.2,27:14,18,14,3,1,3,10,0,0,4,6,1,1,315,21,33,9.5,2,1,8,74,20,3.7,2,5,40,0,0,0,0,0,0,0,0,2,2,4,4,0,0,0,2656816
CIN,CLE,223,53,4.2,25:31,12,8,3,1,2,13,0,1,1,1,0,0,164,15,25,6.6,2,3,17,59,25,2.4,0,3,37,0,0,0,1,0,0,1,0,0,1,3,3,0,0,0,2656819
CLE,CIN,336,77,4.4,34:29,18,12,5,1,8,19,1,2,2,2,2,2,259,31,52,5.0,1,4,18,77,21,3.7,1,10,80,2,0,2,0,0,0,0,0,0,1,0,1,0,1,1,2656819
HOU,GB,197,58,3.4,31:17,15,6,9,0,4,13,0,0,2,4,1,1,55,10,21,2.6,0,4,31,142,33,4.3,2,5,55,0,0,0,0,0,0,0,0,3,3,1,1,0,0,1,2656821
GB,HOU,277,56,4.9,28:43,18,12,4,2,4,10,0,0,2,2,1,1,195,24,33,5.9,3,3,25,82,20,4.1,0,8,55,3,1,2,0,0,0,0,0,1,1,3,3,0,0,0,2656821
MIA,IND,337,68,5.0,31:11,18,8,9,1,6,15,0,1,1,3,1,1,149,15,26,5.7,1,2,12,188,40,4.7,0,6,50,2,2,0,0,0,0,0,0,1,2,1,1,0,0,0,2656822
IND,MIA,284,61,4.7,28:49,16,6,10,0,4,13,0,0,1,3,1,3,129,10,24,5.4,0,0,0,155,37,4.2,1,4,25,1,1,0,0,0,0,0,0,3,3,1,1,0,0,0,2656822
DET,MIN,391,56,7.0,29:03,19,15,3,1,4,10,0,1,1,1,0,0,247,22,25,9.9,2,4,33,144,27,5.3,2,8,49,1,1,0,0,0,0,0,0,1,1,4,4,0,0,0,2656825
MIN,DET,383,52,7.4,30:57,16,10,4,2,4,10,0,0,0,0,0,0,244,22,27,9.0,1,4,15,139,21,6.6,1,8,59,1,0,1,1,0,1,0,0,3,3,2,2,0,0,1,2656825
PHI,NYG,339,65,5.2,35:20,20,6,13,1,1,13,3,3,3,3,3,3,70,10,15,4.7,1,5,44,269,45,6.0,3,6,35,0,0,0,0,0,0,0,0,0,0,4,4,0,0,0,2656828
NYG,PHI,119,55,2.2,24:40,10,6,4,0,3,14,0,0,0,1,0,0,43,17,29,1.5,0,8,62,76,18,4.2,0,5,35,0,0,0,0,0,0,0,0,1,1,0,0,0,0,0,2656828
LV,LA,317,75,4.2,33:48,20,12,7,1,3,15,1,1,0,2,0,1,195,21,44,4.4,0,2,11,122,29,4.2,0,10,80,4,1,3,0,0,0,0,0,5,5,0,0,0,0,0,2656830
LA,LV,259,52,5.0,26:12,15,6,7,2,2,10,0,1,2,3,1,1,144,14,23,6.3,0,1,10,115,28,4.1,2,3,28,1,0,1,1,0,1,0,0,0,1,2,3,0,0,0,2656830
CAR,WAS,180,43,4.2,24:55,10,5,5,0,3,10,0,1,1,1,1,1,85,13,18,4.7,0,2,4,95,23,4.1,1,6,59,2,0,2,0,0,0,0,0,0,0,1,1,0,0,0,2656832
WAS,CAR,421,63,6.7,35:05,26,12,10,4,5,10,0,0,3,6,1,2,207,20,25,8.3,2,1,4,214,37,5.8,1,8,55,0,0,0,1,1,0,0,0,4,4,4,4,0,0,0,2656832
KC,SF,329,68,4.8,35:04,22,11,11,0,8,14,1,2,4,5,3,3,145,16,27,5.4,0,2,9,184,39,4.7,4,4,48,2,0,2,0,0,0,0,0,0,0,4,4,0,0,0,2656835
SF,KC,310,56,5.5,24:56,19,8,7,4,2,11,1,1,2,4,2,3,209,17,31,6.7,0,1,3,101,24,4.2,2,6,40,3,0,3,0,0,0,0,0,2,2,0,1,0,0,1,2656835
NYJ,PIT,323,55,5.9,27:51,17,13,3,1,3,10,1,2,2,3,1,1,269,24,39,6.9,1,1,7,54,15,3.6,1,5,50,2,0,2,0,0,0,0,0,0,1,1,1,0,1,1,2656840
PIT,NYJ,409,66,6.2,32:09,21,12,8,1,5,14,2,2,4,6,2,3,260,16,29,9.0,2,1,4,149,36,4.1,2,4,36,0,0,0,0,0,0,0,0,3,3,4,4,0,0,0,2656840
BAL,TB,508,54,9.4,24:55,22,12,7,3,3,8,1,1,4,5,2,3,264,17,22,12.0,5,2,17,244,30,8.1,0,9,85,1,1,0,0,0,0,0,0,2,2,5,5,0,0,0,2656842
TB,BAL,481,78,6.2,35:05,28,19,7,2,11,17,1,1,3,5,1,3,356,31,45,7.9,3,3,14,125,30,4.2,1,8,75,2,0,2,0,0,0,0,0,1,2,2,2,0,1,2,2656842
LAC,ARZ,395,64,6.2,34:14,20,14,5,1,6,14,1,1,0,1,0,0,336,27,39,8.6,0,3,13,59,22,2.7,0,5,57,2,2,0,0,0,0,0,0,5,5,0,0,0,0,0,2656849
ARZ,LAC,326,55,5.9,25:46,22,10,10,2,2,7,0,1,1,2,1,1,145,14,26,5.6,1,0,0,181,29,6.2,1,3,15,1,0,1,0,0,0,0,0,1,1,2,2,0,0,0,2656849
MIN,LA,276,50,5.5,26:23,17,14,3,0,2,7,0,0,2,4,2,3,212,18,25,8.5,2,3,28,64,22,2.9,0,9,50,0,0,0,0,0,0,0,0,2,2,2,2,0,0,0,2656661
LA,MIN,386,66,5.8,33:37,26,16,5,5,4,10,1,1,3,3,2,2,279,25,34,8.2,4,0,0,107,32,3.3,0,6,40,1,0,1,0,0,0,0,0,0,0,4,4,1,0,0,2656661
PHI,CIN,397,59,6.7,31:48,24,10,13,1,6,11,1,1,3,5,3,3,236,16,20,11.8,1,0,0,161,39,4.1,3,4,40,0,0,0,0,0,0,0,0,3,3,4,4,0,0,0,2656717
CIN,PHI,280,58,4.8,28:12,18,15,3,0,10,13,0,1,2,3,2,2,222,26,37,6.0,1,1,12,58,20,2.9,1,1,3,2,1,1,0,0,0,0,0,1,2,2,2,0,0,0,2656717
BAL,CLE,387,62,6.2,28:54,22,14,5,3,2,10,0,2,3,4,2,2,263,23,38,6.9,2,3,26,124,21,5.9,1,7,53,0,0,0,0,0,0,0,0,1,2,3,3,0,0,0,2656667
CLE,BAL,401,66,6.1,31:06,22,16,5,1,8,15,0,0,0,2,0,0,321,27,41,7.8,3,2,13,80,23,3.5,0,7,74,1,1,0,0,0,0,0,0,3,3,2,2,0,0,1,2656667
TEN,DET,416,71,5.9,35:37,23,12,9,2,3,11,1,2,2,4,1,2,258,22,38,6.8,1,1,8,158,32,4.9,1,8,60,4,2,2,0,0,0,0,0,0,0,2,2,0,0,0,2656674
DET,TEN,225,47,4.8,24:23,17,9,5,3,3,9,0,0,5,5,5,5,61,15,19,3.2,4,4,33,164,24,6.8,2,3,29,0,0,0,1,0,0,0,1,1,1,7,7,0,0,0,2656674
IND,HOU,303,63,4.8,24:40,17,7,10,0,2,13,2,2,1,2,1,2,140,10,32,4.4,1,5,35,163,26,6.3,1,9,57,2,1,1,0,0,0,0,0,2,2,2,2,0,0,0,2656678
HOU,IND,363,68,5.3,35:20,21,15,5,1,4,13,0,0,2,6,1,2,267,25,37,7.2,1,2,18,96,29,3.3,1,5,30,1,1,0,0,0,0,0,0,3,3,2,2,0,0,0,2656678
GB,JAC,422,67,6.3,34:09,22,11,8,3,3,11,0,0,2,6,2,4,252,18,27,9.3,1,1,0,170,39,4.4,2,3,20,1,0,1,0,0,0,0,0,3,3,3,3,0,0,0,2656680
JAC,GB,390,56,7.0,25:51,19,14,5,0,1,9,1,1,3,3,1,1,299,21,32,9.3,2,1,9,91,23,4.0,1,8,59,2,1,1,0,0,0,0,0,2,2,3,3,0,0,0,2656680
ARZ,MIA,389,62,6.3,29:29,22,15,6,1,7,13,0,0,2,3,2,2,307,26,36,8.5,2,0,0,82,26,3.2,1,4,29,0,0,0,0,0,0,0,0,2,2,2,2,1,0,1,2656685
MIA,ARZ,377,64,5.9,30:31,22,15,7,0,11,15,0,0,3,4,2,2,227,28,38,6.0,1,1,7,150,25,6.0,2,2,15,0,0,0,0,0,0,0,0,2,2,3,3,0,0,0,2656685
NYJ,NE,336,57,5.9,29:34,22,12,6,4,4,10,0,0,3,5,3,3,224,17,28,8.0,2,1,9,112,28,4.0,1,8,55,0,0,0,0,0,0,0,0,1,2,1,2,0,0,1,2656689
NE,NYJ,248,63,3.9,30:26,19,7,10,2,7,15,1,1,3,4,1,2,136,18,30,4.5,0,2,19,112,31,3.6,3,5,50,0,0,0,0,0,0,0,0,1,1,2,2,0,1,1,2656689
ATL,TB,394,60,6.6,27:26,20,11,8,1,6,12,2,2,1,1,1,1,265,23,29,9.1,4,2,11,129,29,4.4,0,4,43,0,0,0,0,0,0,0,0,1,2,4,4,0,0,0,2656698
TB,ATL,432,72,6.0,32:34,24,16,8,0,9,14,1,2,3,3,2,2,330,37,50,6.6,3,0,0,102,22,4.6,0,6,45,3,1,2,0,0,0,0,0,1,1,3,3,1,0,0,2656698
NO,LAC,366,68,5.4,28:52,15,9,4,2,2,16,1,1,0,1,0,1,249,22,42,5.9,0,5,32,117,21,5.6,0,7,66,0,0,0,0,0,0,0,0,2,3,0,0,1,0,0,2656707
LAC,NO,378,64,5.9,31:08,19,12,6,1,3,12,0,1,2,3,1,1,256,20,32,8.0,2,3,23,122,29,4.2,1,4,34,0,0,0,0,0,0,0,0,2,2,2,3,0,0,0,2656707
BUF,SEA,445,69,6.4,38:03,29,12,14,3,8,15,1,1,4,6,2,3,281,24,34,8.3,2,1,2,164,34,4.8,2,13,85,1,0,1,0,0,0,0,0,1,1,4,4,0,0,0,2656712
SEA,BUF,233,47,5.0,21:57,17,13,2,2,1,7,0,1,1,3,1,3,201,21,29,6.9,0,1,11,32,17,1.9,1,11,82,2,1,1,0,0,0,0,0,1,1,1,1,0,0,0,2656712
CAR,DEN,284,60,4.7,26:50,16,11,3,2,5,14,1,4,2,3,1,1,215,24,38,5.7,2,2,9,69,20,3.5,0,8,49,2,0,2,0,0,0,0,0,0,0,2,2,0,0,0,2656723
DEN,CAR,400,73,5.5,33:10,23,16,6,1,11,17,1,2,4,5,3,3,298,30,39,7.6,3,2,17,102,32,3.2,1,4,43,2,2,0,0,0,0,0,0,0,0,4,4,0,0,0,2656723
KC,LV,334,68,4.9,32:30,23,17,5,1,12,16,0,0,3,4,3,4,252,27,38,6.6,2,1,10,82,29,2.8,1,8,55,1,0,1,0,0,0,0,0,2,2,3,3,0,0,0,2656728
LV,KC,228,56,4.1,27:30,15,13,1,1,6,13,1,2,2,4,1,3,195,24,30,6.5,2,5,14,33,21,1.6,0,5,32,1,1,0,0,0,0,0,0,2,2,2,2,0,0,0,2656728
CHI,WAS,307,60,5.1,27:44,15,6,8,1,2,12,0,1,1,2,1,2,105,10,24,4.4,0,3,26,202,33,6.1,2,8,60,1,1,0,0,0,0,0,0,0,0,1,1,0,1,1,2656701
WAS,CHI,481,72,6.7,32:16,23,15,6,2,5,15,0,0,0,3,0,1,313,21,38,8.2,1,2,13,168,32,5.3,0,5,30,0,0,0,0,0,0,0,0,4,5,0,0,0,0,0,2656701
DAL,SF,292,59,4.9,26:48,18,13,3,2,4,12,1,2,2,3,2,2,236,25,38,6.2,2,2,7,56,19,2.9,1,6,30,2,0,2,0,0,0,0,0,1,1,3,3,0,0,0,2656731
SF,DAL,469,64,7.3,33:12,19,9,10,0,8,16,0,1,3,4,3,4,246,18,26,9.5,1,2,14,223,36,6.2,2,9,73,0,0,0,0,0,0,0,0,3,3,3,3,0,0,0,2656731
NYG,PIT,394,67,5.9,30:42,17,10,6,1,5,15,1,1,0,3,0,0,237,24,38,6.2,0,4,27,157,25,6.3,1,11,65,2,1,1,0,0,0,0,0,4,4,0,0,0,0,1,2656738
PIT,NYG,426,63,6.8,29:18,20,12,6,2,6,13,0,0,0,4,0,2,259,20,28,9.3,1,4,19,167,31,5.4,0,5,50,1,1,0,1,0,0,0,1,4,4,2,2,0,0,0,2656738
HOU,NYJ,322,75,4.3,33:42,21,6,10,5,6,17,2,2,1,4,1,2,135,11,31,4.4,0,8,56,187,36,5.2,1,7,60,1,1,0,0,0,0,0,0,2,4,1,1,0,0,0,2656750
NYJ,HOU,293,55,5.3,26:18,17,11,4,2,5,12,1,1,2,3,0,0,193,22,32,6.0,3,2,18,100,21,4.8,0,9,83,1,1,0,0,0,0,0,0,0,0,3,3,0,0,0,2656750
DAL,ATL,378,74,5.1,30:40,23,13,9,1,3,13,1,5,2,3,2,2,241,31,50,4.8,2,3,7,137,21,6.5,0,9,55,0,0,0,0,0,0,0,0,2,2,1,1,0,1,1,2656755
ATL,DAL,310,56,5.5,29:20,17,12,5,0,4,13,2,2,3,3,2,2,210,19,24,8.8,3,2,12,100,30,3.3,1,4,26,1,1,0,0,0,0,0,0,0,0,3,3,0,0,1,2656755
DEN,BAL,319,68,4.7,28:09,20,10,6,4,6,14,1,5,1,4,1,3,197,20,34,5.8,1,4,28,122,30,4.1,0,9,71,1,0,1,0,0,0,0,0,1,1,1,1,0,0,0,2656762
BAL,DEN,396,54,7.3,31:51,25,12,8,5,3,8,0,0,4,6,3,3,269,16,19,14.2,3,1,11,127,34,3.7,2,6,53,0,0,0,0,0,0,0,0,2,2,5,5,0,0,0,2656762
MIA,BUF,373,60,6.2,31:53,26,14,10,2,4,8,1,1,3,4,3,3,224,25,28,8.0,2,1,7,149,31,4.8,1,8,57,1,1,0,0,0,0,0,0,2,2,3,3,0,0,0,2656766
BUF,MIA,325,59,5.5,28:07,24,15,5,4,5,10,1,1,2,5,2,2,231,25,39,5.9,3,1,4,94,19,4.9,0,4,40,1,0,1,0,0,0,0,0,3,3,1,2,0,1,1,2656766
NO,CAR,427,74,5.8,34:19,25,12,11,2,5,15,2,3,2,4,1,1,230,18,32,7.2,1,1,6,197,41,4.8,1,10,109,0,0,0,0,0,0,0,0,3,3,1,1,0,0,1,2656772
CAR,NO,246,50,4.9,25:41,15,8,5,2,4,10,0,0,3,3,2,2,166,16,26,6.4,1,1,5,80,23,3.5,2,6,55,1,0,1,0,0,0,0,0,1,1,2,2,0,0,1,2656772
LV,CIN,217,59,3.7,24:46,16,10,4,2,5,13,0,1,1,1,1,1,157,21,33,4.8,1,5,41,60,21,2.9,1,6,51,2,2,0,1,1,0,0,0,1,1,3,3,0,0,0,2656777
CIN,LV,373,71,5.3,35:14,26,18,5,3,8,15,1,1,4,5,4,5,243,27,39,6.2,5,1,8,130,31,4.2,0,7,60,1,0,1,0,0,0,0,0,2,2,5,5,0,0,0,2656777
LAC,CLE,342,56,6.1,25:51,13,10,3,0,5,14,1,1,3,3,1,1,246,18,27,9.1,2,6,36,96,23,4.2,2,5,35,0,0,0,0,0,0,0,0,0,1,3,4,0,0,0,2656782
CLE,LAC,292,76,3.8,34:09,21,14,6,1,6,17,2,3,1,3,0,1,213,26,46,4.6,1,6,22,79,24,3.3,0,4,25,3,0,3,0,0,0,0,0,1,2,1,1,0,0,0,2656782
WAS,NYG,358,60,6.0,28:00,21,8,11,2,5,12,2,2,3,6,2,4,209,15,22,9.5,2,0,0,149,38,3.9,1,5,52,0,0,0,0,0,0,0,0,2,2,3,3,0,0,0,2656792
NYG,WAS,326,59,5.5,32:00,25,10,12,3,6,11,2,2,2,3,2,2,162,20,26,6.2,2,2,12,164,31,5.3,1,4,51,1,1,0,0,0,0,0,0,1,1,1,1,0,0,2,2656792
NE,TEN,295,65,4.5,29:09,20,10,7,3,3,11,1,1,2,2,2,2,185,29,41,4.5,1,4,21,110,20,5.5,1,8,58,3,1,2,0,0,0,0,0,1,2,2,2,0,0,0,2656799
TEN,NE,400,73,5.5,38:44,24,13,9,2,7,16,0,1,2,5,2,4,233,20,33,7.1,2,1,7,167,39,4.3,0,10,67,1,0,1,0,0,0,0,0,2,2,2,2,0,0,0,2656799
CHI,ARZ,241,70,3.4,31:01,16,10,5,1,3,14,2,4,0,1,0,0,172,22,41,4.2,0,6,45,69,23,3.0,0,6,33,0,0,0,0,0,0,0,0,3,3,0,0,0,0,0,2656803
ARZ,CHI,350,57,6.1,28:59,18,7,10,1,5,13,0,1,2,3,2,2,137,13,20,6.9,0,3,17,213,34,6.3,3,2,15,2,2,0,0,0,0,0,0,2,2,3,3,1,0,0,2656803
JAC,PHI,215,51,4.2,21:48,14,9,4,1,3,10,1,2,2,3,2,2,155,16,31,5.0,0,2,14,60,18,3.3,2,4,17,3,1,2,1,0,1,0,0,0,0,1,1,0,2,2,2656817
PHI,JAC,447,73,6.1,38:12,21,11,9,1,9,17,0,2,3,4,0,0,210,18,24,8.8,2,3,20,237,46,5.2,2,8,67,1,1,0,0,0,0,0,0,1,2,1,1,0,0,3,2656817
DET,GB,261,55,4.7,31:11,17,8,8,1,4,12,2,2,2,4,1,2,137,18,22,6.2,1,1,8,124,32,3.9,1,5,51,0,0,0,1,1,0,0,0,1,1,3,3,0,0,0,2656808
GB,DET,411,62,6.6,28:49,20,10,7,3,3,12,2,3,1,4,0,0,273,23,39,7.0,0,0,0,138,23,6.0,1,10,67,1,0,1,0,0,0,0,0,2,3,0,0,0,1,1,2656808
LA,SEA,366,68,5.4,32:10,22,13,4,5,3,13,0,0,1,3,1,2,298,25,44,6.8,2,0,0,68,24,2.8,0,8,83,1,0,1,1,1,0,0,0,2,2,2,2,0,0,0,2656812
SEA,LA,424,74,5.7,32:53,20,14,4,2,4,15,2,3,1,4,0,2,317,21,34,9.3,3,7,46,107,33,3.2,0,12,95,3,0,3,0,0,0,0,0,0,0,2,3,0,0,0,2656812
IND,MIN,227,49,4.6,23:06,13,9,3,1,3,11,1,2,0,0,0,0,159,16,27,5.9,0,3,20,68,19,3.6,0,7,50,2,1,1,1,0,1,0,0,2,3,1,1,0,0,0,2656786
MIN,IND,415,71,5.8,36:54,29,17,10,2,6,12,1,1,3,5,2,2,282,29,35,8.1,3,4,30,133,32,4.2,0,3,41,3,1,2,0,0,0,0,0,0,2,3,3,0,0,0,2656786
TB,KC,284,52,5.5,25:10,17,8,7,2,5,11,0,0,3,3,2,2,189,23,31,6.1,2,2,11,95,19,5.0,1,6,50,0,0,0,0,0,0,0,0,1,1,3,3,0,0,0,2656820
KC,TB,384,83,4.6,40:42,28,19,9,0,12,18,1,1,4,4,3,3,260,34,44,5.9,3,4,31,124,35,3.5,1,3,30,1,1,0,0,0,0,0,0,1,1,3,3,0,0,0,2656820
CIN,BAL,470,75,6.3,31:35,27,21,2,4,8,16,2,4,3,3,2,2,421,34,56,7.5,4,3,7,49,16,3.1,1,3,23,1,1,0,0,0,0,0,0,0,0,4,4,0,0,1,2656834
BAL,CIN,389,58,6.7,28:25,20,14,5,1,7,12,0,0,4,4,3,3,290,25,33,8.8,4,0,0,99,25,4.0,1,11,81,0,0,0,0,0,0,0,0,0,0,3,4,0,1,1,2656834
NYG,CAR,342,73,4.7,34:29,24,12,11,1,7,15,0,0,1,3,1,1,175,22,37,4.7,0,2,15,167,34,4.9,2,3,15,3,1,2,0,0,0,0,0,1,2,2,2,0,0,0,2656574
CAR,NYG,306,58,5.3,27:38,15,6,8,1,6,15,0,0,2,3,2,2,118,15,25,4.7,1,1,8,188,32,5.9,1,10,87,1,1,0,0,0,0,0,0,2,2,2,2,0,0,0,2656574
NE,CHI,328,61,5.4,32:28,16,9,7,0,5,14,1,1,1,5,1,1,184,15,25,7.4,1,1,0,144,35,4.1,0,7,40,1,0,1,0,0,0,0,0,4,4,1,1,0,0,0,2656841
CHI,NE,142,59,2.4,27:32,11,6,4,1,1,14,2,4,0,1,0,0,69,16,30,2.3,0,9,51,73,20,3.7,0,5,25,0,0,0,0,0,0,0,0,1,1,0,0,0,0,0,2656841
BUF,IND,415,70,5.9,32:08,21,11,9,1,7,14,2,3,2,4,1,2,280,22,37,7.6,0,2,0,135,31,4.4,2,8,54,2,0,2,1,1,0,0,0,3,3,3,3,0,0,0,2656851
IND,BUF,361,61,5.9,27:52,19,14,4,1,4,11,2,3,2,4,1,2,240,26,35,6.9,2,4,32,121,22,5.5,0,5,25,4,1,3,0,0,0,0,0,2,2,2,2,0,0,0,2656851
MIN,JAC,402,82,4.9,42:19,28,15,10,3,5,14,1,1,0,5,0,1,233,24,38,6.1,0,1,8,169,43,3.9,0,6,40,3,0,3,0,0,0,0,0,4,4,0,0,0,0,0,2656853
JAC,MIN,143,43,3.3,17:41,10,5,4,1,5,11,0,0,1,1,1,1,87,14,22,4.0,0,3,24,56,18,3.1,1,3,25,3,1,2,0,0,0,0,0,0,0,1,1,0,0,0,2656853
DEN,KC,260,55,4.7,26:39,16,12,4,0,7,13,0,0,1,2,0,0,182,22,30,6.1,2,2,33,78,23,3.4,0,6,35,0,0,0,0,0,0,0,0,0,2,2,2,0,0,0,2656855
KC,DEN,300,65,4.6,33:21,19,13,4,2,7,16,2,2,1,4,1,3,243,28,42,5.8,1,4,23,57,19,3.0,0,3,10,0,0,0,0,0,0,0,0,3,3,1,1,0,0,0,2656855
ATL,NO,468,73,6.4,35:07,25,12,9,4,5,14,1,2,1,3,1,2,287,23,38,7.6,0,3,19,181,32,5.7,2,6,45,1,0,1,0,0,0,0,0,1,4,2,2,0,0,0,2656856
NO,ATL,365,52,7.0,24:53,14,8,5,1,5,13,0,1,1,3,1,1,269,16,25,10.8,2,0,0,96,27,3.6,0,8,76,0,0,0,0,0,0,0,0,2,2,2,2,0,0,0,2656856
SF,TB,413,61,6.8,31:48,24,17,3,4,5,11,0,0,1,3,0,1,338,25,36,9.4,2,3,15,75,22,3.4,0,6,49,1,1,0,0,0,0,0,0,3,6,2,2,0,0,0,2656857
TB,SF,215,58,3.7,28:12,18,8,6,4,5,14,1,1,2,4,1,2,105,18,29,3.6,1,2,11,110,27,4.1,1,5,42,0,0,0,0,0,0,0,0,2,2,2,2,0,0,0,2656857
PIT,WAS,312,75,4.2,36:11,21,9,9,3,7,16,1,2,3,4,2,2,172,14,29,5.9,3,3,23,140,43,3.3,1,5,49,2,1,1,0,0,0,0,0,0,0,4,4,0,0,0,2656859
WAS,PIT,242,59,4.1,23:49,19,7,9,3,5,14,0,1,3,3,3,3,182,17,34,5.4,0,3,20,60,22,2.7,3,5,41,1,1,0,0,0,0,0,0,2,2,3,3,0,0,0,2656859
TEN,LAC,289,51,5.7,29:01,19,10,8,1,3,9,0,0,1,3,0,0,157,18,23,6.8,2,7,18,132,21,6.3,0,9,68,0,0,0,0,0,0,0,0,1,2,2,2,0,0,0,2656861
LAC,TEN,309,57,5.4,30:59,23,8,11,4,4,10,1,1,3,5,1,2,164,14,18,9.1,1,0,0,145,39,3.7,2,5,30,0,0,0,0,0,0,0,0,2,2,3,3,0,0,0,2656861
NYJ,ARZ,207,55,3.8,27:18,17,10,5,2,6,13,1,3,0,3,0,1,128,22,35,3.7,0,3,23,79,17,4.6,0,3,25,1,1,0,0,0,0,0,0,2,2,0,0,0,0,0,2656867
ARZ,NYJ,406,57,7.1,32:42,28,15,11,2,5,7,1,1,4,5,3,3,259,22,24,10.8,1,1,7,147,32,4.6,3,5,58,0,0,0,0,0,0,0,0,1,1,4,4,0,0,0,2656867
PHI,DAL,348,65,5.4,34:01,24,9,11,4,4,11,1,1,4,5,3,3,161,15,22,7.3,2,5,46,187,38,4.9,2,7,49,2,1,1,0,0,0,0,0,2,2,4,4,0,0,0,2656869
DAL,PHI,146,56,2.6,25:59,11,4,5,2,3,14,2,2,0,2,0,2,49,17,29,1.7,0,3,17,97,24,4.0,0,5,40,5,4,1,0,0,0,0,0,2,2,0,0,0,0,0,2656869
DET,HOU,345,62,5.6,27:32,19,11,7,1,7,12,0,0,2,3,2,2,240,15,30,8.0,2,0,0,105,32,3.3,1,4,61,5,0,5,0,0,0,0,0,2,2,2,2,0,0,1,2656870
HOU,DET,248,65,3.8,32:28,16,12,3,1,6,15,0,0,2,4,1,2,192,19,33,5.8,1,4,40,56,28,2.0,1,4,30,2,0,2,0,0,0,0,0,3,4,2,2,0,0,0,2656870
MIA,LA,238,53,4.5,29:48,15,11,3,1,6,13,0,0,2,3,1,1,171,20,28,6.1,1,3,36,67,22,3.0,1,1,15,2,1,1,0,0,0,0,0,3,3,2,2,0,0,0,2656872
LA,MIA,327,68,4.8,30:12,20,16,4,0,3,12,0,0,0,3,0,1,257,32,46,5.6,0,4,36,70,18,3.9,0,6,64,2,1,1,0,0,0,0,0,5,6,0,0,0,0,0,2656872
WAS,PHI,264,63,4.2,26:56,18,10,6,2,3,12,1,2,2,2,2,2,171,22,32,5.3,1,3,20,93,28,3.3,1,4,25,1,0,1,0,0,0,0,0,1,1,1,1,0,1,1,2656873
PHI,WAS,434,70,6.2,33:04,23,9,13,1,9,16,0,0,1,3,1,2,206,18,28,7.4,0,2,15,228,40,5.7,3,4,49,0,0,0,0,0,0,0,0,2,4,2,3,0,0,0,2656873
GB,CHI,366,43,8.5,23:39,19,10,8,1,1,5,0,1,3,5,2,3,260,13,17,15.3,1,1,1,106,25,4.2,2,3,25,1,0,1,0,0,0,0,0,0,0,2,2,0,0,1,2656874
CHI,GB,391,68,5.8,36:21,23,12,10,1,9,16,3,3,1,2,1,1,212,23,31,6.8,0,3,19,179,34,5.3,2,7,50,0,0,0,0,0,0,0,0,2,3,1,1,0,0,1,2656874
JAC,DET,170,47,3.6,20:54,10,7,2,1,2,10,1,2,0,1,0,0,129,17,29,4.4,0,1,9,41,17,2.4,0,6,40,1,0,1,0,0,0,0,0,2,2,0,0,0,0,0,2656875
DET,JAC,645,76,8.5,39:06,38,22,14,2,6,10,3,3,5,5,5,5,449,27,33,13.6,4,0,0,196,43,4.6,3,4,46,0,0,0,0,0,0,0,0,1,1,7,7,0,0,0,2656875
LV,MIA,328,62,5.3,26:48,22,17,3,2,8,14,2,2,1,3,1,3,268,30,43,6.2,2,3,14,60,16,3.8,0,7,49,1,0,1,0,0,0,0,0,2,2,1,1,0,0,1,2656878
MIA,LV,353,64,5.5,33:12,25,18,4,3,8,12,2,2,3,4,3,4,271,28,36,7.5,3,2,17,82,26,3.2,1,4,23,0,0,0,0,0,0,0,0,2,2,4,4,0,0,0,2656878
LA,NE,402,51,7.9,22:40,19,13,5,1,2,8,1,1,3,4,1,2,295,18,27,10.9,4,0,0,107,24,4.5,0,7,66,0,0,0,0,0,0,0,0,0,1,4,4,0,0,0,2656880
NE,LA,382,72,5.3,37:20,26,16,6,4,6,14,0,0,2,5,1,2,257,29,39,6.6,2,3,25,125,30,4.2,0,7,45,2,1,1,0,0,0,0,0,3,3,1,2,0,0,0,2656880
CLE,NO,443,70,6.3,29:22,22,17,3,2,3,13,1,3,0,1,0,1,377,30,47,8.0,2,3,18,66,20,3.3,0,3,14,0,0,0,0,0,0,0,0,0,2,0,0,0,1,2,2656882
NO,CLE,473,58,8.2,30:38,19,11,8,0,5,10,1,1,2,3,1,1,259,22,29,8.9,2,1,7,214,28,7.6,3,5,41,2,1,1,0,0,0,0,0,0,0,5,5,0,0,0,2656882
IND,NYJ,332,67,5.0,34:17,18,13,5,0,6,15,1,2,3,4,2,2,241,20,30,8.0,1,2,31,91,35,2.6,2,5,40,1,1,0,0,0,0,0,0,3,3,1,1,0,0,2,2656894
NYJ,IND,253,52,4.9,25:43,10,7,3,0,4,13,0,1,2,3,0,0,162,22,29,5.6,2,3,22,91,20,4.6,1,2,14,0,0,0,0,0,0,0,0,2,2,3,3,0,0,0,2656894
BAL,PIT,329,54,6.1,23:38,16,9,5,2,4,11,0,0,2,2,1,1,205,16,33,6.2,1,2,2,124,19,6.5,1,12,80,3,2,1,0,0,0,0,0,1,3,1,1,0,0,1,2656884
PIT,BAL,303,74,4.1,36:22,18,9,7,2,4,16,0,1,0,4,0,1,181,23,36,5.0,0,4,24,122,34,3.6,0,7,45,1,0,1,0,0,0,0,0,6,6,0,0,0,0,0,2656884
MIN,TEN,318,67,4.7,32:31,24,12,5,7,5,14,0,0,2,2,2,2,236,20,32,7.4,2,2,10,82,33,2.5,1,3,35,1,1,0,0,0,0,0,0,1,1,2,3,0,0,0,2656886
TEN,MIN,294,55,5.3,27:29,11,8,3,0,6,15,0,2,0,1,0,0,261,17,31,8.4,1,5,34,33,19,1.7,0,13,91,1,0,1,0,0,0,0,0,2,2,1,1,0,0,0,2656886
ATL,DEN,226,56,4.0,29:55,13,10,2,1,4,13,2,2,0,1,0,0,176,20,31,5.7,0,4,21,50,21,2.4,0,6,52,1,0,1,0,0,0,0,0,2,2,0,0,0,0,0,2656887
DEN,ATL,400,60,6.7,30:05,22,14,7,1,6,11,1,1,4,4,2,2,295,28,33,8.9,4,1,12,105,26,4.0,1,4,45,0,0,0,0,0,0,0,0,1,1,5,5,0,0,0,2656887
SEA,SF,289,59,4.9,26:35,19,10,8,1,6,13,1,2,2,2,1,1,195,25,32,6.1,0,4,26,94,23,4.1,2,4,20,1,0,1,0,0,0,0,0,2,2,2,2,0,0,0,2656888
SF,SEA,277,57,4.9,33:25,21,10,9,2,7,11,0,0,2,3,2,2,146,21,28,5.2,1,2,13,131,27,4.9,1,9,54,1,0,1,0,0,0,0,0,1,1,2,2,0,0,0,2656888
KC,BUF,259,52,5.0,25:57,19,15,3,1,5,10,0,1,3,3,3,3,181,23,33,5.5,3,2,15,78,17,4.6,0,6,57,2,0,2,0,0,0,0,0,0,0,3,3,0,0,0,2656890
BUF,KC,366,71,5.2,34:03,24,13,9,2,9,15,1,2,3,4,2,2,262,27,40,6.6,1,0,0,104,31,3.4,3,3,24,1,0,1,0,0,0,0,0,1,1,3,4,0,0,0,2656890
CIN,LAC,452,78,5.8,34:08,24,14,6,4,5,17,3,3,2,4,1,2,342,28,50,6.8,3,3,14,110,25,4.4,0,8,56,0,0,0,0,0,0,0,0,2,4,3,3,0,0,0,2656892
LAC,CIN,435,63,6.9,25:52,24,14,7,3,3,11,1,1,1,2,1,2,280,17,36,7.8,2,2,17,155,25,6.2,2,5,50,1,1,0,0,0,0,0,0,2,2,4,4,0,0,0,2656892
HOU,DAL,391,60,6.5,30:37,21,13,6,2,4,12,1,2,2,4,2,2,250,23,34,7.4,0,1,7,141,25,5.6,3,9,69,1,0,1,1,0,1,0,0,2,2,4,4,0,0,0,2656898
DAL,HOU,388,79,4.9,29:23,24,17,3,4,5,15,0,4,0,1,0,0,324,33,56,5.8,1,5,34,64,18,3.6,0,9,66,2,1,1,0,0,0,0,0,1,2,1,1,0,0,0,2656898
PIT,CLE,368,67,5.5,35:02,17,10,5,2,7,16,1,3,1,2,1,1,248,21,29,8.6,1,4,22,120,34,3.5,1,6,39,1,1,0,0,0,0,0,0,2,3,1,1,0,0,1,2656641
CLE,PIT,304,55,5.5,24:58,17,8,8,1,1,10,4,4,3,4,2,2,219,18,27,8.1,0,1,0,85,27,3.1,3,8,48,3,2,1,0,0,0,0,0,1,1,1,1,0,1,2,2656641
KC,CAR,391,68,5.8,32:16,27,15,8,4,8,13,1,1,2,5,1,1,226,27,37,6.1,3,5,43,165,26,6.3,0,10,91,0,0,0,0,0,0,0,0,3,3,3,3,0,0,0,2656642
CAR,KC,334,58,5.8,27:44,21,13,6,2,5,13,2,2,2,6,2,2,249,21,35,7.1,1,2,14,85,21,4.0,1,9,53,0,0,0,0,0,0,0,0,4,4,1,1,0,1,1,2656642
MIN,CHI,452,65,7.0,33:26,22,13,7,2,6,13,0,1,3,7,3,6,328,23,35,9.4,2,3,16,124,27,4.6,1,5,45,1,1,0,0,0,0,0,0,3,3,3,3,0,0,0,2656643
CHI,MIN,398,73,5.5,34:24,20,14,6,0,6,17,2,3,3,3,2,2,320,32,48,6.7,2,3,20,78,22,3.5,1,7,80,1,1,0,0,0,0,0,0,2,3,1,1,0,1,2,2656643
TEN,HOU,369,66,5.6,34:29,19,8,8,3,4,14,1,1,1,1,0,0,237,18,25,9.5,2,8,41,132,33,4.0,1,6,35,3,2,1,0,0,0,0,0,3,3,3,3,1,0,0,2656648
HOU,TEN,260,54,4.8,25:31,12,11,0,1,3,13,0,0,2,4,0,1,220,20,33,6.7,2,4,27,40,17,2.4,0,11,81,2,0,2,1,1,0,0,0,2,3,3,3,0,0,0,2656648
DET,IND,390,72,5.4,37:01,26,15,10,1,9,15,0,1,3,4,3,3,253,26,36,7.0,0,3,16,137,33,4.2,3,5,45,0,0,0,0,0,0,0,0,1,1,3,3,0,0,0,2656650
IND,DET,268,49,5.5,22:59,11,7,3,1,3,12,0,1,0,2,0,0,172,11,28,6.1,0,0,0,96,21,4.6,0,10,75,0,0,0,0,0,0,0,0,2,2,0,0,0,0,0,2656650
NE,MIA,269,63,4.3,27:56,14,8,4,2,3,14,1,3,0,0,0,0,183,22,38,4.8,1,4,39,86,21,4.1,0,10,75,2,1,1,1,0,1,0,0,0,1,1,1,0,1,1,2656654
MIA,NE,373,66,5.7,32:04,23,19,2,2,4,12,0,0,3,4,2,3,308,29,40,7.7,4,2,9,65,24,2.7,0,3,17,1,1,0,0,0,0,0,0,2,2,4,4,0,0,0,2656654
TB,NYG,451,62,7.3,33:59,24,12,10,2,6,11,1,2,4,5,3,4,294,24,30,9.8,0,0,0,157,32,4.9,4,4,29,1,1,0,0,0,0,0,0,1,1,3,4,0,0,0,2656658
NYG,TB,245,56,4.4,26:01,17,11,5,1,5,11,0,2,1,3,1,2,169,22,32,5.3,0,4,23,76,20,3.8,1,4,42,1,1,0,0,0,0,0,0,0,0,1,1,0,0,0,2656658
DAL,WAS,332,61,5.4,35:12,19,12,3,4,2,11,0,0,2,3,1,1,241,24,32,7.5,2,1,6,91,28,3.3,0,4,20,1,1,0,2,0,0,2,0,2,4,4,4,0,0,0,2656663
WAS,DAL,412,67,6.1,24:48,19,11,8,0,4,12,0,0,2,2,1,1,267,25,38,7.0,2,4,8,145,25,5.8,1,8,78,3,1,2,0,0,0,0,0,2,3,0,2,0,1,1,2656663
DEN,LV,325,65,5.0,31:11,19,13,5,1,6,15,0,0,2,4,1,1,262,25,42,6.2,2,1,11,63,22,2.9,0,6,58,0,0,0,0,0,0,0,0,5,5,2,2,0,0,0,2656668
LV,DEN,369,74,5.0,28:49,21,15,4,2,4,14,2,2,1,5,1,3,300,31,53,5.7,1,5,28,69,16,4.3,0,4,44,2,1,1,0,0,0,0,0,4,4,1,1,0,0,0,2656668
SF,GB,241,47,5.1,23:17,11,8,3,0,3,10,0,2,1,1,1,1,197,17,29,6.8,1,2,2,44,16,2.8,0,9,77,3,2,1,0,0,0,0,0,1,1,1,1,0,0,0,2656672
GB,SF,325,67,4.9,36:43,22,9,12,1,6,13,1,2,5,5,4,4,156,13,23,6.8,2,2,7,169,42,4.0,3,5,40,0,0,0,0,0,0,0,0,1,1,5,5,0,0,0,2656672
ARZ,SEA,298,56,5.3,26:47,15,15,0,0,3,12,0,1,0,2,0,1,249,24,37,6.7,0,5,36,49,14,3.5,0,5,60,1,0,1,0,0,0,0,0,2,3,0,0,0,0,0,2656676
SEA,ARZ,285,61,4.7,33:13,17,12,4,1,7,14,0,0,1,2,1,1,220,22,31,7.1,1,5,34,65,25,2.6,0,5,51,1,0,1,1,1,0,0,0,1,1,1,2,0,0,0,2656676
PHI,LA,481,68,7.1,33:41,24,10,12,2,9,15,0,1,2,5,1,3,167,15,22,7.6,1,1,12,314,45,7.0,3,4,52,0,0,0,0,0,0,0,0,3,3,4,4,0,0,0,2656681
LA,PHI,290,59,4.9,26:19,23,13,8,2,0,8,3,3,2,4,2,2,198,24,36,5.5,2,5,45,92,18,5.1,1,4,38,1,1,0,0,0,0,0,0,0,1,2,2,0,0,1,2656681
BAL,LAC,389,60,6.5,30:57,19,6,12,1,8,15,3,3,2,2,2,2,177,16,22,8.0,2,1,0,212,37,5.7,2,9,102,0,0,0,0,0,0,0,0,1,1,3,3,0,0,1,2656686
LAC,BAL,285,60,4.8,29:03,19,9,7,3,5,14,2,2,2,2,2,2,202,21,36,5.6,0,4,16,83,20,4.2,2,7,62,0,0,0,0,0,0,0,0,3,3,2,2,0,0,0,2656686
CHI,DET,301,59,5.1,24:46,17,11,3,3,7,15,0,2,1,1,1,1,223,20,39,5.7,3,5,33,78,15,5.2,0,8,78,0,0,0,0,0,0,0,0,0,0,2,2,0,0,1,2656692
DET,CHI,405,69,5.9,35:14,25,12,10,3,5,14,1,1,2,5,2,3,211,21,34,6.2,2,2,10,194,33,5.9,0,6,79,1,1,0,0,0,0,0,0,3,4,2,2,0,0,0,2656692
NYG,DAL,247,59,4.2,28:24,17,8,7,2,3,12,1,1,2,2,2,2,131,21,32,4.1,0,6,47,116,21,5.5,2,13,98,2,1,1,0,0,0,0,0,2,2,2,2,0,0,0,2656695
DAL,NYG,317,68,4.7,31:36,21,10,7,4,7,15,0,1,2,4,2,2,195,21,36,5.4,1,0,0,122,32,3.8,1,6,48,0,0,0,1,1,0,0,0,2,2,3,3,0,0,0,2656695
MIA,GB,375,65,5.8,33:04,21,20,1,0,4,14,3,5,2,4,0,2,336,37,46,7.3,2,5,29,39,14,2.8,0,10,75,1,1,0,0,0,0,0,0,1,1,0,0,0,1,2,2656696
GB,MIA,388,53,7.3,26:56,19,11,7,1,5,11,0,0,3,5,2,3,274,21,28,9.8,2,0,0,114,25,4.6,1,7,44,0,0,0,0,0,0,0,0,3,3,3,3,0,0,0,2656696
LV,KC,434,63,6.9,31:12,20,13,7,0,3,12,0,1,0,1,0,1,318,23,35,9.1,2,3,22,116,25,4.6,0,9,101,1,1,0,0,0,0,0,0,1,4,2,2,0,0,0,2656700
KC,LV,329,67,4.9,28:48,18,14,2,2,7,16,0,0,1,5,0,1,266,26,46,5.8,1,5,40,63,16,3.9,0,7,40,0,0,0,0,0,0,0,0,4,5,1,1,0,0,0,2656700
LAC,ATL,187,46,4.1,24:05,10,5,5,0,3,11,0,1,0,2,0,0,131,17,24,5.5,0,5,19,56,17,3.3,0,7,33,1,1,0,1,1,0,0,0,3,3,0,0,0,1,1,2656702
ATL,LAC,350,77,4.5,35:55,24,13,7,4,3,14,2,4,1,4,1,3,234,24,39,6.0,0,1,11,116,37,3.1,1,2,10,4,0,4,0,0,0,0,0,2,3,1,1,0,0,0,2656702
PIT,CIN,520,66,7.9,31:09,28,18,5,5,4,9,0,0,2,4,1,2,410,29,38,10.8,3,2,4,110,26,4.2,1,9,103,1,0,1,1,0,1,0,0,3,4,5,5,0,0,0,2656705
CIN,PIT,375,57,6.6,28:51,25,16,5,4,4,8,0,0,4,5,4,4,282,28,38,7.4,3,4,27,93,15,6.2,1,11,101,3,2,1,1,1,0,0,0,1,1,5,5,0,0,0,2656705
HOU,JAC,326,61,5.3,32:17,20,10,9,1,5,13,1,1,1,3,1,2,218,22,34,6.4,1,2,24,108,25,4.3,1,3,15,0,0,0,0,0,0,0,0,3,3,2,2,0,0,0,2656710
JAC,HOU,373,67,5.6,27:43,19,13,5,1,5,15,2,2,2,4,1,1,276,24,42,6.6,2,0,0,97,25,3.9,0,4,30,1,0,1,0,0,0,0,0,2,3,0,0,0,1,2,2656710
ARZ,MIN,406,77,5.3,35:49,25,13,10,2,5,13,0,1,1,6,0,2,252,31,45,5.6,1,1,8,154,31,5.0,0,10,96,2,0,2,0,0,0,0,0,5,6,1,1,0,0,0,2656714
MIN,ARZ,273,51,5.4,24:11,19,13,4,2,1,8,1,1,2,4,1,1,205,21,31,6.6,2,5,30,68,15,4.5,0,3,56,1,1,0,0,0,0,0,0,3,4,2,2,0,0,0,2656714
IND,NE,253,58,4.4,25:48,20,5,13,2,5,11,3,3,3,4,3,3,109,12,24,4.5,2,0,0,144,34,4.2,1,2,15,2,0,2,0,0,0,0,0,1,1,2,2,0,1,1,2656720
NE,IND,422,65,6.5,34:12,23,14,9,0,6,11,0,0,2,6,0,2,222,24,30,7.4,1,4,16,200,31,6.5,1,7,88,1,0,1,0,0,0,0,0,3,5,1,1,0,1,1,2656720
SEA,NYJ,259,57,4.5,31:21,16,7,5,4,4,13,1,2,2,3,0,1,175,20,31,5.6,1,3,31,84,23,3.7,1,5,50,2,2,0,1,1,0,0,0,2,2,2,3,0,0,0,2656722
NYJ,SEA,258,62,4.2,28:39,17,12,3,2,5,13,1,3,2,3,2,2,169,21,39,4.3,2,2,16,89,21,4.2,0,12,83,2,1,1,1,0,0,1,0,0,0,1,2,0,1,1,2656722
TEN,WAS,245,50,4.9,19:47,12,9,1,2,5,12,0,1,1,2,0,0,210,18,37,5.7,2,2,2,35,11,3.2,0,12,93,2,2,0,0,0,0,0,0,2,2,1,1,0,0,1,2656726
WAS,TEN,463,77,6.0,40:13,29,12,13,4,9,14,1,1,5,7,3,3,196,25,30,6.5,3,2,10,267,45,5.9,3,7,65,1,0,1,0,0,0,0,0,0,2,6,6,0,0,0,2656726
TB,CAR,445,77,5.8,39:31,27,14,11,2,2,12,1,1,2,5,2,4,209,22,34,6.1,1,4,31,236,39,6.1,1,7,54,2,0,2,0,0,0,0,0,4,5,2,2,0,0,0,2656729
CAR,TB,367,68,5.4,27:39,19,14,3,2,6,16,0,0,1,4,0,1,289,26,46,6.3,1,1,9,78,21,3.7,1,7,62,1,1,0,0,0,0,0,0,3,5,2,2,0,0,0,2656729
LA,NO,322,55,5.9,27:23,22,9,12,1,4,9,1,2,3,3,3,3,166,14,24,6.9,2,2,17,156,29,5.4,1,3,30,0,0,0,0,0,0,0,0,0,0,3,3,0,0,0,2656733
NO,LA,327,68,4.8,32:37,19,11,7,1,5,15,2,3,0,2,0,0,184,24,37,5.0,1,0,0,143,31,4.6,0,4,38,0,0,0,0,0,0,0,0,2,3,0,0,0,1,1,2656733
PHI,BAL,252,54,4.7,26:09,17,7,9,1,4,12,1,1,2,3,1,1,112,11,19,5.9,1,2,6,140,33,4.2,2,8,55,0,0,0,0,0,0,0,0,1,1,3,3,0,0,0,2656736
BAL,PHI,372,71,5.2,33:51,24,11,10,3,6,15,1,2,2,5,1,1,206,23,36,5.7,2,3,31,166,32,5.2,0,4,20,0,0,0,0,0,0,0,0,2,4,1,2,0,0,0,2656736
SF,BUF,239,47,5.1,26:33,15,4,10,1,3,10,1,1,1,3,0,1,86,11,18,4.8,0,2,8,153,27,5.7,1,2,10,3,3,0,0,0,0,0,0,1,3,1,1,0,0,0,2656740
BUF,SF,372,56,6.6,33:27,20,7,12,1,6,12,1,1,4,4,4,4,152,14,18,8.4,2,0,0,220,38,5.8,3,5,35,0,0,0,0,0,0,0,0,0,1,5,5,0,0,0,2656740
CLE,DEN,552,84,6.6,32:10,28,24,3,1,9,19,2,2,3,4,3,4,475,34,58,8.2,4,3,22,77,23,3.3,0,5,46,3,0,3,0,0,0,0,0,1,2,3,3,0,1,1,2656745
DEN,CLE,400,61,6.6,27:50,19,11,5,3,6,13,0,0,2,4,2,2,294,18,35,8.4,1,0,0,106,26,4.1,2,4,57,2,0,2,2,2,0,0,0,2,2,5,5,0,0,0,2656745
GB,DET,298,45,6.6,23:54,17,7,7,3,1,5,0,0,4,5,3,4,199,12,20,10.0,1,1,7,99,24,4.1,3,7,59,1,1,0,0,0,0,0,0,1,1,4,4,0,0,0,2656752
DET,GB,391,76,5.1,36:06,27,18,7,2,7,15,4,5,4,5,4,4,280,32,41,6.8,3,1,3,111,34,3.3,1,7,56,1,0,1,0,0,0,0,0,2,2,4,4,0,0,0,2656752
NYJ,MIA,402,63,6.4,31:02,23,18,3,2,4,12,2,2,2,5,1,1,319,27,39,8.2,1,3,20,83,21,4.0,1,10,83,0,0,0,0,0,0,0,0,4,4,2,2,0,0,0,2656757
MIA,NYJ,375,66,5.7,32:53,28,21,3,4,1,9,2,2,3,4,2,2,331,33,47,7.0,2,0,0,44,19,2.3,1,8,49,0,0,0,0,0,0,0,0,4,4,0,1,0,1,1,2656757
ATL,MIN,496,70,7.1,31:35,25,15,10,0,7,13,1,3,2,5,1,2,338,23,37,9.1,0,1,6,158,32,4.9,2,12,127,3,1,2,0,0,0,0,0,2,2,1,1,0,1,1,2656763
MIN,ATL,433,56,7.7,28:25,23,15,5,3,8,12,0,0,4,4,1,1,318,22,28,11.4,5,4,29,115,24,4.8,1,6,35,0,0,0,0,0,0,0,0,0,1,6,6,0,0,0,2656763
NO,NYG,292,66,4.4,31:49,18,10,7,1,5,15,0,1,2,2,1,1,200,20,31,6.5,1,2,19,92,33,2.8,1,6,40,1,0,1,0,0,0,0,0,0,2,2,2,0,0,0,2656767
NYG,NO,325,74,4.4,28:11,16,12,4,0,5,19,2,4,1,3,1,1,213,21,49,4.3,0,2,14,112,23,4.9,1,12,112,1,0,1,0,0,0,0,0,1,2,0,0,0,1,1,2656767
CAR,PHI,302,69,4.4,33:33,20,11,7,2,7,16,3,5,2,2,2,2,184,19,34,5.4,1,1,7,118,34,3.5,1,7,43,1,0,1,0,0,0,0,0,1,1,1,2,0,0,0,2656770
PHI,CAR,292,56,5.2,26:27,18,7,11,0,7,12,0,0,3,3,3,3,83,14,21,4.0,2,4,25,209,31,6.7,1,7,40,0,0,0,0,0,0,0,0,0,1,2,2,0,1,1,2656770
CLE,PIT,300,69,4.3,30:00,20,11,7,2,2,13,3,4,1,3,0,0,196,24,41,4.8,2,3,16,104,25,4.2,0,9,81,3,1,2,0,0,0,0,0,0,2,2,2,0,0,0,2656776
PIT,CLE,267,62,4.3,30:00,15,6,8,1,6,14,0,0,2,4,1,2,147,15,26,5.7,2,1,11,120,35,3.4,1,6,61,1,1,0,0,0,0,0,0,2,2,3,3,0,0,0,2656776
LV,TB,286,64,4.5,31:30,16,8,7,1,4,13,3,3,1,4,1,2,195,23,37,5.3,0,2,10,91,25,3.6,1,3,31,2,1,1,0,0,0,0,0,2,2,1,1,0,0,0,2656780
TB,LV,420,59,7.1,28:30,21,13,7,1,5,12,1,1,3,3,2,2,268,18,29,9.2,3,4,27,152,26,5.8,1,5,31,3,1,2,0,0,0,0,0,0,0,4,4,0,0,0,2656780
JAC,TEN,291,58,5.0,28:16,16,11,5,0,6,13,1,1,1,2,0,0,220,23,31,7.1,0,1,0,71,26,2.7,1,5,39,2,0,2,0,0,0,0,0,1,1,1,1,0,0,0,2656785
TEN,JAC,272,62,4.4,31:44,17,8,8,1,8,16,0,3,0,2,0,1,146,19,32,4.6,0,2,22,126,28,4.5,0,4,25,0,0,0,0,0,0,0,0,2,2,0,0,0,0,0,2656785
SEA,ARZ,409,61,6.7,33:02,18,10,8,0,7,15,0,0,2,5,1,2,233,24,30,7.8,1,0,0,176,31,5.7,2,9,62,0,0,0,0,0,0,0,0,3,3,3,3,0,0,0,2656790
ARZ,SEA,356,63,5.7,26:58,21,14,7,0,4,12,1,1,1,3,1,1,235,25,38,6.2,2,2,24,121,23,5.3,0,6,49,2,0,2,0,0,0,0,0,1,2,1,1,0,1,1,2656790
BUF,LA,445,54,8.2,21:30,25,14,6,5,5,9,0,0,3,3,3,3,342,22,37,9.2,3,0,0,103,17,6.1,3,7,59,0,0,0,0,0,0,0,0,0,0,6,6,0,0,0,2656796
LA,BUF,457,72,6.3,38:30,28,15,10,3,11,15,1,1,5,6,2,3,320,23,30,10.7,2,0,0,137,42,3.3,3,9,99,0,0,0,0,0,0,0,0,1,1,5,6,0,0,0,2656796
CHI,SF,162,52,3.1,28:12,14,10,4,0,4,10,0,0,2,2,1,1,94,18,24,3.9,2,7,46,68,21,3.2,0,2,30,1,1,0,0,0,0,0,0,0,0,1,1,0,0,1,2656802
SF,CHI,452,61,7.4,31:48,22,13,8,1,6,12,2,2,5,6,4,5,321,20,26,12.3,2,1,4,131,34,3.9,3,7,31,1,0,1,0,0,0,0,0,1,1,5,5,0,0,0,2656802
LAC,KC,288,57,5.1,30:53,20,11,6,3,6,13,1,1,2,3,1,1,194,21,30,6.5,1,3,19,94,24,3.9,1,7,50,0,0,0,0,0,0,0,0,1,1,2,2,0,0,0,2656806
KC,LAC,298,65,4.6,29:07,20,11,7,2,8,15,0,0,1,3,1,1,202,24,37,5.5,1,3,8,96,25,3.8,0,8,98,0,0,0,0,0,0,0,0,4,4,1,1,0,0,0,2656806
CIN,DAL,433,65,6.7,33:11,23,18,4,1,4,10,0,1,2,4,1,1,359,33,44,8.2,3,2,10,74,19,3.9,0,10,77,1,0,1,0,0,0,0,0,2,2,3,3,0,0,0,2656809
DAL,CIN,322,59,5.5,26:49,17,9,7,1,4,12,1,2,2,4,1,1,166,16,31,5.4,2,3,17,156,25,6.2,0,4,36,2,1,1,0,0,0,0,0,2,2,2,2,0,0,0,2656809
LA,SF,302,65,4.6,35:04,14,6,8,0,4,15,1,1,0,3,0,0,160,16,27,5.9,0,0,0,142,38,3.7,0,4,40,0,0,0,0,0,0,0,0,4,4,0,0,0,0,0,2656649
SF,LA,191,53,3.6,24:56,11,7,4,0,3,12,0,0,0,0,0,0,128,14,31,4.1,0,3,14,63,19,3.3,0,4,25,1,0,1,0,0,0,0,0,2,2,0,0,0,0,0,2656649
DAL,CAR,410,70,5.9,33:46,24,11,12,1,6,12,0,0,3,4,0,0,199,18,29,6.9,3,1,15,211,40,5.3,0,14,99,1,1,0,0,0,0,0,0,3,4,3,3,0,0,0,2656651
CAR,DAL,235,50,4.7,26:14,16,7,4,5,3,11,1,1,1,2,1,1,175,19,28,6.3,1,6,44,60,16,3.8,1,8,65,4,2,2,0,0,0,0,0,0,0,2,2,0,0,0,2656651
KC,CLE,311,75,4.1,31:37,18,12,6,0,7,18,0,1,2,4,2,2,179,21,40,4.5,2,0,0,132,35,3.8,1,4,30,0,0,0,0,0,0,0,0,0,1,3,3,0,0,0,2656656
CLE,KC,266,60,4.4,28:23,16,9,5,2,4,12,0,1,0,0,0,0,127,20,34,3.7,0,5,37,139,21,6.6,1,6,45,6,2,4,0,0,0,0,0,0,0,1,1,0,0,0,2656656
MIA,HOU,224,62,3.6,33:24,18,11,3,4,4,13,2,2,1,2,0,0,172,29,40,4.3,1,3,24,52,19,2.7,0,8,64,4,1,3,0,0,0,0,0,2,2,0,1,0,0,0,2656660
HOU,MIA,181,50,3.6,26:36,12,8,3,1,5,13,1,1,2,3,1,2,104,18,26,4.0,2,4,27,77,20,3.9,0,7,70,1,1,0,0,0,0,0,0,2,2,2,2,0,0,0,2656660
NYJ,JAC,400,54,7.4,25:36,22,10,8,4,4,10,1,1,2,3,2,2,275,16,30,9.2,3,1,14,125,23,5.4,1,8,62,0,0,0,0,0,0,0,0,1,2,3,3,0,1,1,2656665
JAC,NYJ,421,77,5.5,34:24,27,13,10,4,8,15,0,0,2,4,1,3,285,31,46,6.2,2,2,9,136,29,4.7,0,8,106,2,0,2,0,0,0,0,0,4,4,1,1,0,0,1,2656665
WAS,NO,326,74,4.4,40:50,23,11,11,1,9,17,1,1,2,3,2,3,189,25,31,6.1,2,8,37,137,35,3.9,0,9,84,0,0,0,0,0,0,0,0,2,3,2,2,0,0,0,2656669
NO,WAS,245,51,4.8,19:10,17,11,3,3,3,11,1,1,1,2,1,1,176,15,32,5.5,2,3,29,69,16,4.3,0,4,36,1,0,1,0,0,0,0,0,2,2,1,1,0,0,1,2656669
BAL,NYG,445,59,7.5,28:58,25,13,12,0,9,11,0,0,1,2,1,1,275,21,25,11.0,5,3,15,170,31,5.5,0,12,112,1,1,0,0,0,0,0,0,0,0,5,5,0,0,0,2656675
NYG,BAL,236,60,3.9,31:02,19,8,3,8,2,12,3,5,1,2,1,2,181,22,37,4.9,1,3,10,55,20,2.8,1,6,44,1,0,1,0,0,0,0,0,0,0,2,2,0,0,0,2656675
CIN,TEN,370,64,5.8,28:31,24,12,9,3,10,13,0,0,3,5,3,5,269,26,37,7.3,3,1,2,101,26,3.9,1,14,113,4,2,2,1,1,0,0,0,1,1,4,5,0,0,0,2656679
TEN,CIN,374,65,5.8,31:29,25,13,9,3,5,8,0,0,4,4,2,2,291,29,38,7.7,2,1,7,83,26,3.2,2,12,110,6,2,4,0,0,0,0,0,0,0,3,3,0,0,0,2656679
NE,ARZ,311,49,6.3,25:52,17,10,7,0,0,6,1,2,2,3,2,2,195,19,23,8.5,1,2,7,116,24,4.8,1,4,45,1,0,1,0,0,0,0,0,1,2,2,2,0,0,0,2656684
ARZ,NE,395,64,6.2,34:08,21,9,9,3,10,15,0,0,3,4,2,2,232,25,32,7.3,0,0,0,163,32,5.1,2,4,35,0,0,0,0,0,0,0,0,3,3,3,3,0,0,0,2656684
IND,DEN,310,72,4.3,31:32,18,8,7,3,4,15,2,4,0,1,0,0,161,17,38,4.2,0,2,11,149,32,4.7,1,8,69,5,3,2,0,0,0,0,0,2,2,1,1,0,0,0,2656688
DEN,IND,193,61,3.2,28:28,13,5,5,3,6,17,0,0,2,2,0,0,121,20,33,3.7,3,1,9,72,27,2.7,0,6,58,3,0,3,1,0,1,0,0,1,1,4,4,0,0,0,2656688
BUF,DET,559,68,8.2,32:42,28,15,11,2,5,10,1,1,5,7,5,7,362,23,34,10.6,2,0,0,197,34,5.8,4,6,49,0,0,0,0,0,0,0,0,2,3,6,6,0,0,0,2656693
DET,BUF,521,77,6.8,27:18,30,27,3,0,6,13,3,3,5,5,2,2,473,38,59,8.0,5,3,21,48,15,3.2,1,5,41,1,1,0,0,0,0,0,0,0,1,6,6,0,0,0,2656693
TB,LAC,506,67,7.6,36:48,24,12,9,3,9,15,1,1,1,4,0,1,283,22,27,10.5,4,1,5,223,39,5.7,0,8,83,2,1,1,0,0,0,0,0,4,4,4,4,0,0,0,2656704
LAC,TB,206,48,4.3,23:12,14,10,1,3,0,6,0,2,2,3,0,0,174,22,34,5.1,2,3,25,32,11,2.9,0,7,60,2,1,1,0,0,0,0,0,1,1,2,2,0,0,0,2656704
PIT,PHI,163,41,4.0,20:08,10,5,4,1,3,10,0,0,1,2,1,1,107,14,22,4.9,1,2,21,56,17,3.3,0,5,60,1,1,0,0,0,0,0,0,2,2,1,1,0,0,0,2656711
PHI,PIT,401,77,5.2,39:52,26,15,10,1,10,17,1,1,3,6,3,4,270,25,32,8.4,2,3,20,131,42,3.1,1,7,54,2,2,0,0,0,0,0,0,2,2,3,3,0,0,0,2656711
GB,SEA,369,61,6.0,32:58,21,10,8,3,5,12,0,1,2,4,1,2,229,20,27,8.5,2,0,0,140,34,4.1,1,5,27,1,1,0,0,0,0,0,0,3,3,3,3,0,0,0,2656715
SEA,GB,208,56,3.7,27:02,14,7,5,2,4,13,0,0,0,1,0,0,128,20,33,3.9,0,7,45,80,16,5.0,1,5,108,2,0,2,0,0,0,0,0,2,2,1,1,0,0,0,2656715
CHI,MIN,284,63,4.5,30:06,16,8,7,1,1,12,1,3,1,3,0,1,171,19,32,5.3,1,2,25,113,29,3.9,0,9,93,1,1,0,0,0,0,0,0,2,2,0,0,0,0,1,2656719
MIN,CHI,329,71,4.6,29:54,24,14,8,2,7,14,0,1,3,4,3,3,215,24,40,5.4,1,2,16,114,29,3.9,2,10,56,1,0,1,0,0,0,0,0,3,3,3,3,0,0,0,2656719
ATL,LV,261,57,4.6,33:52,14,6,7,1,4,13,0,0,0,0,0,0,93,11,17,5.5,1,3,19,168,37,4.5,0,6,30,1,0,1,0,0,0,0,0,2,3,1,1,1,0,0,2656724
LV,ATL,249,65,3.8,26:08,16,11,5,0,4,14,2,2,1,1,1,1,184,23,39,4.7,1,4,24,65,22,3.0,0,7,55,3,1,2,0,0,0,0,0,1,1,0,1,0,0,0,2656724
DEN,LAC,355,63,5.6,32:23,22,14,7,1,5,13,2,2,3,3,3,3,245,29,40,6.1,2,2,18,110,21,5.2,1,7,61,0,0,0,0,0,0,0,0,2,2,3,3,0,0,0,2656784
LAC,DEN,380,61,6.2,27:37,23,14,7,2,6,12,0,1,3,4,2,2,263,23,31,8.5,2,2,21,117,28,4.2,2,2,8,1,0,1,0,0,0,0,0,2,2,2,2,0,1,2,2656784
HOU,KC,311,58,5.4,26:08,20,14,6,0,7,13,0,0,1,3,1,2,227,23,39,5.8,2,2,17,84,17,4.9,0,6,45,2,0,2,0,0,0,0,0,2,2,1,2,0,0,0,2656743
KC,HOU,375,70,5.4,33:52,25,14,8,3,7,13,1,2,3,5,2,2,251,28,41,6.1,1,1,9,124,28,4.4,2,2,20,0,0,0,0,0,0,0,0,2,2,3,3,0,0,0,2656743
PIT,BAL,315,60,5.3,27:35,19,14,5,0,4,10,0,1,2,2,1,1,198,22,33,6.0,2,3,19,117,24,4.9,0,5,29,2,1,1,0,0,0,0,0,1,1,2,2,0,0,0,2656747
BAL,PIT,418,62,6.7,32:25,25,12,11,2,4,10,0,0,3,5,1,1,198,15,23,8.6,3,1,9,220,38,5.8,0,2,10,1,0,1,1,1,0,0,0,2,2,4,4,0,0,0,2656747
NYG,ATL,234,55,4.3,25:32,14,11,3,0,3,9,0,1,1,2,1,2,189,22,39,4.8,1,3,21,45,13,3.5,0,10,85,3,1,2,0,0,0,0,0,0,0,1,1,0,0,0,2656751
ATL,NYG,329,65,5.1,34:28,22,10,11,1,8,14,0,0,2,4,2,2,202,18,27,7.5,0,0,0,127,38,3.3,2,3,30,1,0,1,2,2,0,0,0,2,3,4,4,0,0,0,2656751
ARZ,CAR,382,64,6.0,33:24,23,11,9,3,6,13,1,1,3,4,2,2,176,20,32,5.5,1,3,26,206,29,7.1,2,11,82,2,1,1,0,0,0,0,0,3,3,3,3,0,0,0,2656761
CAR,ARZ,392,65,6.0,33:18,22,9,11,2,6,14,2,2,3,4,2,2,149,17,26,5.7,2,3,9,243,36,6.8,3,9,64,0,0,0,0,0,0,0,0,1,1,3,4,0,0,0,2656761
DET,CHI,475,65,7.3,31:29,27,15,10,2,7,12,0,1,2,5,2,2,329,23,32,10.3,3,1,7,146,32,4.6,1,7,55,0,0,0,0,0,0,0,0,2,3,4,4,0,0,0,2656764
CHI,DET,382,59,6.5,28:31,19,15,2,2,2,10,3,4,1,3,1,1,323,26,40,8.1,2,2,11,59,17,3.5,0,10,70,2,2,0,0,0,0,0,0,1,1,2,2,0,0,0,2656764
CLE,CIN,273,63,4.3,29:12,18,8,7,3,3,12,1,3,1,3,1,2,125,20,34,3.7,0,5,32,148,24,6.2,1,5,41,3,1,2,0,0,0,0,0,0,0,0,1,0,0,0,2656735
CIN,CLE,326,56,5.8,30:48,21,14,6,1,4,11,0,0,2,3,2,3,210,23,30,7.0,3,4,42,116,22,5.3,0,5,35,1,1,0,0,0,0,0,0,1,2,3,3,0,0,0,2656735
TEN,IND,307,57,5.4,26:59,18,11,4,3,5,11,0,0,3,3,2,2,242,23,34,7.1,2,1,10,65,22,3.0,2,4,35,3,0,3,0,0,0,0,0,0,1,2,2,0,2,2,2656769
IND,TEN,458,62,7.4,33:01,19,6,12,1,8,15,1,1,2,3,1,1,123,7,11,11.2,1,1,8,335,50,6.7,4,7,62,1,0,1,0,0,0,0,0,1,2,5,5,0,0,0,2656769
LA,NYJ,242,50,4.8,27:55,17,7,9,1,5,10,0,0,2,5,1,1,110,14,19,5.8,1,0,0,132,31,4.3,1,5,45,1,0,1,0,0,0,0,0,2,2,1,2,0,0,0,2656775
NYJ,LA,321,63,5.1,32:05,17,14,3,0,5,13,2,5,1,3,0,1,246,28,42,5.9,1,1,10,75,20,3.8,0,8,62,2,2,0,0,0,0,0,0,1,2,0,1,0,0,0,2656775
PHI,WAS,338,71,4.8,36:18,20,9,6,5,3,16,3,3,2,4,1,1,127,15,28,4.5,1,4,27,211,39,5.4,2,10,91,2,1,1,0,0,0,0,0,4,5,3,3,0,0,0,2656779
WAS,PHI,368,64,5.8,23:42,23,13,7,3,7,13,2,3,3,4,2,2,255,24,39,6.5,5,1,3,113,24,4.7,0,6,93,5,3,2,0,0,0,0,0,0,0,4,4,0,1,1,2656779
MIN,SEA,298,62,4.8,30:41,19,12,5,2,3,12,1,1,2,2,1,1,217,22,35,6.2,3,3,29,81,24,3.4,0,7,70,0,0,0,0,0,0,0,0,2,2,3,3,0,0,0,2656787
SEA,MIN,361,60,6.0,29:19,23,17,4,2,2,10,1,1,2,2,1,1,302,31,43,7.0,3,2,12,59,15,3.9,0,11,77,2,0,2,0,0,0,0,0,1,2,3,3,0,0,0,2656787
NE,BUF,379,68,5.6,30:57,28,13,8,7,7,12,2,2,2,3,2,2,253,22,36,7.0,2,2,8,126,30,4.2,1,5,34,3,2,1,0,0,0,0,0,0,0,3,3,0,0,0,2656756
BUF,NE,324,58,5.6,29:03,19,11,8,0,4,11,1,1,1,1,1,1,152,16,29,5.2,1,1,2,172,28,6.1,1,13,78,1,0,1,1,0,1,0,0,1,1,3,3,0,0,0,2656756
JAC,LV,308,61,5.0,25:42,15,9,5,1,6,15,1,2,1,1,1,1,236,25,39,6.1,1,1,11,72,21,3.4,1,8,60,2,2,0,0,0,0,0,0,0,0,2,2,0,0,0,2656793
LV,JAC,314,67,4.7,34:18,21,13,7,1,4,14,0,0,2,3,2,2,245,24,38,6.4,0,2,12,69,27,2.6,2,7,62,0,0,0,0,0,0,0,0,2,3,1,1,0,0,1,2656793
SF,MIA,374,61,6.1,26:54,20,16,3,1,5,13,0,1,2,5,1,2,293,26,40,7.3,2,3,20,81,18,4.5,0,11,90,1,0,1,0,0,0,0,0,1,2,2,2,0,0,0,2656798
MIA,SF,381,64,6.0,33:06,22,13,6,3,4,12,0,0,1,3,1,1,215,22,34,6.3,1,0,0,166,30,5.5,1,6,45,0,0,0,0,0,0,0,0,5,5,2,2,0,0,0,2656798
TB,DAL,410,70,5.9,32:48,25,14,11,0,6,12,0,1,3,3,1,1,276,31,43,6.4,2,4,27,134,23,5.8,1,6,47,2,1,1,0,0,0,0,0,1,1,3,3,0,0,0,2656801
DAL,TB,317,56,5.7,27:12,15,12,2,1,5,15,0,0,2,2,1,1,286,26,35,8.2,1,1,6,31,20,1.6,1,5,30,0,0,0,0,0,0,0,0,4,4,2,2,0,0,0,2656801
NO,GB,196,53,3.7,22:47,14,9,3,2,4,11,0,2,0,0,0,0,129,15,30,4.3,0,3,24,67,20,3.4,0,7,40,2,1,1,0,0,0,0,0,0,0,0,0,0,0,0,2656807
GB,NO,404,69,5.9,37:13,24,10,14,0,6,13,3,3,4,4,4,4,216,17,30,7.2,1,0,0,188,39,4.8,3,6,60,0,0,0,0,0,0,0,0,2,2,4,4,0,0,0,2656807
KC,PIT,389,58,6.7,28:38,20,16,4,0,3,10,1,1,4,5,1,1,320,29,38,8.4,3,0,0,69,20,3.5,1,9,90,0,0,0,0,0,0,0,0,1,1,2,3,0,0,1,2656612
PIT,KC,364,73,5.0,31:22,23,9,13,1,8,16,0,1,1,4,1,2,162,23,37,4.4,0,5,43,202,31,6.5,1,4,25,2,1,1,0,0,0,0,0,1,1,1,1,0,0,0,2656612
BAL,HOU,432,61,7.1,35:21,25,8,16,1,4,9,0,0,3,3,2,2,181,11,17,10.6,2,1,3,251,43,5.8,2,3,30,0,0,0,0,0,0,0,0,1,1,4,4,0,0,0,2656613
HOU,BAL,211,54,3.9,24:39,10,8,1,1,4,15,0,2,0,2,0,1,153,18,32,4.8,0,5,37,58,17,3.4,0,5,49,1,0,1,0,0,0,0,0,0,0,0,0,1,0,0,2656613
SEA,CHI,265,51,5.2,29:40,12,7,5,0,5,13,0,0,0,1,0,0,143,17,23,6.2,0,3,17,122,25,4.9,0,3,25,1,1,0,0,0,0,0,0,2,2,0,0,0,0,0,2656813
CHI,SEA,179,58,3.1,30:20,11,7,4,0,5,15,1,2,0,1,0,0,76,16,28,2.7,0,7,46,103,23,4.5,0,4,23,1,0,1,0,0,0,0,0,1,1,0,0,0,0,0,2656813
LAC,NE,428,77,5.6,40:34,29,16,10,3,10,17,2,2,2,4,2,2,281,26,40,7.0,3,0,0,147,37,4.0,1,6,54,0,0,0,0,0,0,0,0,4,4,4,4,0,0,0,2656881
NE,LAC,181,48,3.8,19:26,11,4,4,3,2,10,0,3,0,0,0,0,85,13,24,3.5,1,4,30,96,20,4.8,0,7,60,1,1,0,0,0,0,0,0,0,0,1,1,0,0,0,2656881
DEN,CIN,329,60,5.5,26:57,19,10,9,0,4,12,1,1,1,2,1,1,206,24,31,6.6,3,2,13,123,27,4.6,0,7,35,1,0,1,0,0,0,0,0,1,1,3,3,0,0,0,2656877
CIN,DEN,499,84,5.9,41:56,34,23,6,5,7,13,1,3,4,7,3,5,384,39,49,7.8,3,7,28,115,28,4.1,1,3,15,1,1,0,0,0,0,0,0,1,2,3,3,0,0,0,2656877
ARZ,LA,396,74,5.4,36:55,24,16,7,1,6,13,0,2,1,4,1,2,283,33,48,5.9,1,4,38,113,22,5.1,0,9,62,2,0,2,0,0,0,0,0,1,1,0,1,0,0,0,2656879
LA,ARZ,257,54,4.8,23:05,12,8,4,0,6,15,0,0,1,2,1,2,189,17,32,5.9,0,0,0,68,22,3.1,1,7,46,0,0,0,0,0,0,0,0,2,2,1,1,0,0,0,2656879
NYJ,BUF,281,57,4.9,28:43,20,9,9,2,4,9,0,1,1,2,1,1,169,23,32,5.3,2,4,26,112,21,5.3,0,16,120,3,1,2,0,0,0,0,0,0,0,0,0,0,1,2,2656824
BUF,NYJ,348,62,5.6,31:17,23,10,7,6,8,14,0,1,3,3,2,2,251,17,28,9.0,3,0,0,97,34,2.9,2,7,60,0,0,0,0,0,0,0,0,1,1,5,5,1,0,0,2656824
TEN,JAC,337,64,5.3,30:40,23,11,10,2,7,14,1,2,1,2,0,0,178,19,31,5.7,1,3,15,159,30,5.3,0,5,34,1,0,1,0,0,0,0,0,2,2,1,1,0,0,0,2656826
JAC,TEN,295,57,5.2,29:20,18,9,9,0,8,13,0,0,2,2,1,1,173,15,22,7.9,2,2,1,122,33,3.7,0,7,50,0,0,0,0,0,0,0,0,2,2,2,2,0,0,0,2656826
LV,NO,388,74,5.2,37:50,22,14,7,1,10,18,0,0,2,4,1,2,232,20,35,6.6,2,1,10,156,38,4.1,0,3,20,0,0,0,0,0,0,0,0,4,4,1,2,0,0,0,2656833
NO,LV,269,53,5.1,22:10,13,8,4,1,1,10,1,1,0,1,0,0,188,20,36,5.2,1,4,30,81,13,6.2,0,10,85,2,0,2,0,0,0,0,0,1,1,1,1,0,0,0,2656833
IND,NYG,446,73,6.1,33:23,25,16,7,2,7,13,1,2,3,5,1,1,320,26,38,8.4,2,2,10,126,33,3.8,2,3,21,3,1,2,0,0,0,0,0,2,3,3,3,0,0,1,2656883
NYG,IND,389,53,7.3,26:37,15,10,3,2,7,13,0,1,2,3,2,2,309,17,23,13.4,4,0,0,80,30,2.7,1,7,94,0,0,0,1,0,0,1,0,1,1,6,6,0,0,0,2656883
DAL,PHI,268,60,4.5,27:11,16,7,8,1,6,14,0,0,1,2,1,1,141,16,29,4.9,1,1,7,127,30,4.2,0,8,69,4,2,2,0,0,0,0,0,0,1,1,1,0,0,0,2656839
PHI,DAL,376,61,6.2,32:49,20,6,11,3,6,13,1,1,3,5,1,2,197,13,19,10.4,3,0,0,179,42,4.3,1,4,25,0,0,0,1,1,0,0,0,2,2,5,5,0,0,0,2656839
CAR,TB,204,46,4.4,18:49,13,10,2,1,2,9,0,1,1,1,0,0,165,15,28,5.9,2,5,38,39,13,3.0,0,4,30,0,0,0,0,0,0,0,0,0,1,2,2,0,0,0,2656837
TB,CAR,551,74,7.4,41:11,33,17,14,2,10,14,0,0,5,8,4,5,349,27,32,10.9,5,2,10,202,40,5.1,0,5,40,0,0,0,0,0,0,0,0,2,2,6,6,0,0,0,2656837
MIA,CLE,280,57,4.9,30:41,18,12,4,2,2,11,0,1,2,2,1,1,206,22,26,7.9,1,4,19,74,27,2.7,1,11,94,0,0,0,0,0,0,0,0,2,2,2,2,0,0,0,2656847
CLE,MIA,276,76,3.6,29:19,18,7,8,3,7,17,0,4,0,3,0,2,162,24,47,3.4,0,1,8,114,28,4.1,0,9,84,2,1,1,0,0,0,0,0,1,1,0,0,0,0,0,2656847
GB,MIN,271,57,4.8,24:30,17,11,4,2,8,14,0,1,3,4,3,3,167,19,30,5.6,1,3,18,104,24,4.3,2,7,51,1,1,0,0,0,0,0,0,1,1,2,2,0,1,1,2656829
MIN,GB,441,70,6.3,35:30,26,20,4,2,6,12,0,0,2,4,1,2,372,33,43,8.7,3,1,5,69,26,2.7,0,7,47,1,0,1,0,0,0,0,0,2,4,3,3,0,0,0,2656829
ATL,WAS,337,60,5.6,25:46,23,11,8,4,2,10,2,2,3,3,3,3,211,19,35,6.0,1,2,12,126,23,5.5,2,4,25,1,0,1,0,0,0,0,0,1,2,3,3,0,0,0,2656885
WAS,ATL,412,77,5.4,41:32,29,13,14,2,6,13,3,3,4,6,2,3,196,24,36,5.4,3,5,31,216,36,6.0,1,13,108,1,0,1,0,0,0,0,0,1,1,3,3,0,0,0,2656885
DET,SF,439,69,6.4,34:52,23,16,7,0,9,14,2,3,3,4,3,3,287,26,34,8.4,3,2,16,152,33,4.6,2,6,57,0,0,0,0,0,0,0,0,2,2,2,4,0,1,1,2656850
SF,DET,475,60,7.9,25:08,29,19,7,3,5,8,1,1,5,5,4,4,400,30,40,10.0,3,2,12,75,18,4.2,2,5,30,2,0,2,0,0,0,0,0,0,2,4,5,0,0,0,2656850
CLE,BAL,230,55,4.2,28:20,13,9,1,3,4,12,0,2,1,3,0,1,174,18,34,5.1,1,2,9,56,19,2.9,0,3,20,2,0,2,0,0,0,0,0,1,1,1,1,0,0,0,2656897
BAL,CLE,437,67,6.5,31:40,20,12,8,0,7,14,0,3,3,4,1,1,217,16,32,6.8,2,0,0,220,35,6.3,2,10,83,0,0,0,1,1,0,0,0,0,0,5,5,0,0,0,2656897
CIN,PIT,314,71,4.4,38:00,21,15,5,1,5,13,0,1,1,4,0,2,246,37,46,5.3,1,4,31,68,21,3.2,0,6,25,2,1,1,0,0,0,0,0,4,4,1,1,0,0,0,2656914
PIT,CIN,193,58,3.3,22:00,16,8,6,2,4,12,0,2,2,2,1,1,119,17,31,3.8,1,4,29,74,23,3.2,1,3,20,1,1,0,0,0,0,0,0,1,1,2,2,0,0,0,2656914
CAR,ATL,425,65,6.5,34:05,25,16,9,0,7,12,1,1,5,6,2,2,270,26,35,7.7,3,0,0,155,30,5.2,3,2,30,0,0,0,0,0,0,0,0,1,1,5,5,0,0,0,2656895
ATL,CAR,537,77,7.0,32:41,31,11,20,0,9,14,2,3,4,5,3,3,310,21,38,8.2,2,1,2,227,38,6.0,3,7,55,1,0,1,0,0,0,0,0,1,2,5,5,0,0,0,2656895
WAS,DAL,269,55,4.9,22:57,18,11,6,1,6,13,1,1,3,3,3,3,156,21,31,5.0,2,6,43,113,18,6.3,1,5,55,1,1,0,0,0,0,0,0,1,1,2,2,0,0,1,2656900
DAL,WAS,378,75,5.0,37:03,23,12,9,2,7,17,1,2,1,6,1,4,228,20,34,6.7,0,2,16,150,39,3.8,1,11,67,0,0,0,0,0,0,0,0,4,4,1,1,0,0,0,2656900
CHI,GB,224,57,3.9,29:04,16,10,5,1,7,14,1,1,1,1,1,1,141,21,30,4.7,1,1,7,83,26,3.2,1,7,45,2,1,1,1,0,0,0,1,1,1,3,3,0,0,0,2656905
GB,CHI,367,61,6.0,30:56,20,7,13,0,3,10,0,1,1,3,1,1,184,17,25,7.4,0,3,21,183,33,5.5,2,5,45,2,2,0,0,0,0,0,0,3,3,1,1,0,0,1,2656905
JAC,IND,319,68,4.7,30:51,19,10,9,0,5,14,0,1,2,3,2,3,206,20,32,6.4,1,2,19,113,34,3.3,1,4,57,1,0,1,0,0,0,0,0,3,3,2,2,0,0,0,2656906
IND,JAC,429,77,5.6,35:58,24,11,12,1,5,15,0,1,1,3,1,1,252,23,40,6.3,1,3,12,177,34,5.2,1,3,15,0,0,0,0,0,0,0,0,4,5,2,2,0,0,0,2656906
BUF,NE,259,65,4.0,28:46,16,7,8,1,6,15,1,4,2,2,2,2,129,18,32,4.0,1,0,0,130,33,3.9,1,6,35,0,0,0,0,0,0,0,0,1,1,1,2,0,0,0,2656909
NE,BUF,309,61,5.1,31:14,19,14,5,0,4,12,1,1,1,3,1,2,232,22,30,7.7,1,1,9,77,30,2.6,1,7,59,1,1,0,0,0,0,0,0,3,3,2,2,0,0,0,2656909
NO,TB,292,63,4.6,27:44,19,14,4,1,3,13,2,3,1,2,1,1,228,26,42,5.4,1,2,12,64,19,3.4,0,8,77,0,0,0,0,0,0,0,0,4,4,1,1,0,0,0,2656915
TB,NO,395,64,6.2,32:16,20,11,6,3,10,16,1,1,2,3,0,0,216,21,32,6.8,2,1,5,179,31,5.8,1,12,90,1,0,1,0,0,0,0,0,2,2,3,3,0,0,0,2656915
HOU,TEN,374,58,6.4,30:01,18,8,8,2,5,12,1,2,1,4,1,2,167,18,28,6.0,1,1,11,207,29,7.1,1,6,48,1,1,0,1,0,1,0,0,1,1,2,3,0,0,0,2656917
TEN,HOU,314,60,5.2,29:59,14,9,5,0,5,15,2,3,0,2,0,0,229,16,26,8.8,1,2,16,85,32,2.7,0,7,68,1,1,0,0,0,0,0,0,2,2,0,0,0,1,1,2656917
NYG,PHI,238,54,4.4,30:12,10,4,6,0,4,14,2,4,0,1,0,0,138,22,29,4.8,1,0,0,100,25,4.0,0,6,40,1,0,1,0,0,0,0,0,2,2,1,1,0,0,0,2656912
PHI,NYG,303,68,4.5,29:48,21,15,3,3,3,14,1,2,2,4,0,0,252,27,41,6.1,2,2,17,51,25,2.0,0,1,0,0,0,0,0,0,0,0,0,2,3,2,2,0,0,0,2656912
SF,ARZ,436,73,6.0,31:51,26,16,9,1,5,13,1,2,2,2,2,2,298,29,43,6.9,2,2,28,138,28,4.9,1,13,85,3,1,2,0,0,0,0,0,1,2,3,3,0,0,0,2656893
ARZ,SF,393,62,6.3,28:09,26,14,8,4,4,11,2,2,4,4,3,3,242,25,35,6.9,4,0,0,151,27,5.6,2,1,5,0,0,0,0,0,0,0,0,2,2,5,5,0,0,1,2656893
KC,DEN,98,33,3.0,18:11,5,4,0,1,1,9,1,2,0,0,0,0,71,10,17,4.2,0,5,27,27,11,2.5,0,3,15,0,0,0,0,0,0,0,0,0,1,0,0,0,0,0,2656902
DEN,KC,479,72,6.7,41:49,29,15,14,0,10,14,2,2,4,5,3,3,321,26,29,11.1,4,0,0,158,43,3.7,1,5,41,0,0,0,0,0,0,0,0,1,1,5,5,0,0,0,2656902
LAC,LV,473,72,6.6,38:58,26,13,11,2,7,14,1,1,3,6,3,5,336,28,36,9.3,2,1,10,137,35,3.9,1,7,40,0,0,0,0,0,0,0,0,4,5,2,2,0,1,1,2656908
LV,LAC,264,48,5.5,21:02,16,11,3,2,2,9,1,2,1,2,0,0,225,25,36,6.3,2,0,0,39,12,3.3,0,3,28,1,0,1,0,0,0,0,0,2,2,2,2,0,0,0,2656908
SEA,LA,336,53,6.3,28:50,18,13,5,0,6,11,0,0,3,3,2,2,210,20,27,7.8,4,2,13,126,24,5.3,0,3,23,0,0,0,0,0,0,0,0,1,1,3,3,0,0,1,2656907
LA,SEA,403,65,6.2,31:10,20,16,3,1,5,14,2,3,2,4,1,1,319,27,41,7.8,2,3,15,84,21,4.0,0,2,10,1,0,1,0,0,0,0,0,4,4,1,1,0,0,1,2656907
MIA,NYJ,334,68,4.9,32:04,21,14,7,0,3,12,3,3,2,5,1,2,199,25,41,4.9,1,4,28,135,23,5.9,1,4,32,4,2,2,0,0,0,0,0,2,2,2,2,0,0,0,2656910
NYJ,MIA,375,62,6.0,27:56,22,14,7,1,5,12,1,2,4,5,2,3,257,23,37,6.9,4,3,17,118,22,5.4,0,6,35,1,0,1,0,0,0,0,0,1,1,3,3,0,1,1,2656910
MIN,DET,262,62,4.2,23:48,14,7,3,4,3,13,0,3,0,4,0,3,142,18,41,3.5,0,2,24,120,19,6.3,0,6,30,0,0,0,0,0,0,0,0,3,4,0,0,0,0,0,2656903
DET,MIN,394,66,6.0,36:12,24,14,9,1,5,12,2,4,3,3,1,1,216,27,33,6.5,1,2,15,178,31,5.7,3,8,49,2,0,2,0,0,0,0,0,1,1,4,4,0,0,0,2656903
LAC,HOU,261,54,4.8,25:35,15,9,4,2,3,11,0,1,0,1,0,0,211,14,32,6.6,1,4,31,50,18,2.8,0,2,10,4,0,4,0,0,0,0,0,2,2,0,0,0,0,0,2656891
HOU,LAC,429,70,6.1,34:25,20,12,8,0,5,14,2,2,2,4,0,0,261,22,33,7.9,1,3,21,168,34,4.9,1,8,86,3,2,1,1,1,0,0,0,3,3,3,3,0,0,0,2656891
PIT,BAL,280,45,6.2,20:27,11,9,2,0,5,11,0,1,0,0,0,0,251,20,30,8.4,2,4,19,29,11,2.6,0,7,41,0,0,0,0,0,0,0,0,0,0,2,2,0,0,0,2656889
BAL,PIT,464,72,6.4,39:33,29,10,16,3,10,15,0,0,3,4,2,2,165,16,21,7.9,2,1,10,299,50,6.0,2,3,14,0,0,0,0,0,0,0,0,0,0,4,4,0,0,0,2656889
DEN,BUF,224,42,5.3,18:17,13,7,5,1,2,9,1,3,0,1,0,0,145,14,23,6.3,1,2,14,79,17,4.6,0,3,27,0,0,0,0,0,0,0,0,0,1,1,1,0,0,0,2656896
BUF,DEN,471,72,6.5,41:43,26,11,14,1,8,15,2,2,1,5,1,3,261,20,26,10.0,2,2,11,210,44,4.8,1,7,45,0,0,0,0,0,0,0,0,3,3,2,2,0,1,1,2656896
GB,PHI,302,60,5.0,29:27,17,12,4,1,7,13,1,2,1,3,1,2,195,20,33,5.9,0,2,17,107,25,4.3,1,8,85,4,1,3,0,0,0,0,0,1,2,1,1,0,0,0,2656899
PHI,GB,290,57,5.1,30:33,16,6,8,2,2,11,1,1,1,4,0,0,121,13,21,5.8,2,2,10,169,34,5.0,0,7,64,0,0,0,0,0,0,0,0,3,3,1,2,0,0,0,2656899
WAS,TB,350,69,5.1,35:26,22,14,5,3,8,15,3,5,2,5,1,3,268,24,35,7.7,2,1,0,82,33,2.5,0,5,39,0,0,0,0,0,0,0,0,3,3,2,2,0,0,0,2656901
TB,WAS,284,44,6.5,24:34,19,12,4,3,5,9,0,0,2,3,2,2,183,15,18,10.2,2,1,2,101,25,4.0,0,7,65,1,1,0,0,0,0,0,0,2,2,2,2,0,0,0,2656901
MIN,LA,269,71,3.8,32:18,20,11,5,4,6,17,1,4,0,1,0,0,163,25,40,4.1,1,9,82,106,22,4.8,0,2,20,2,1,1,0,0,0,0,0,1,1,0,0,0,0,1,2656904
LA,MIN,292,51,5.7,27:42,16,10,4,2,2,10,0,0,2,4,1,1,202,19,27,7.5,2,2,7,90,22,4.1,0,10,95,0,0,0,1,0,1,0,0,2,2,3,3,0,0,0,2656904
HOU,KC,336,65,5.2,33:26,18,12,6,0,10,17,0,1,1,3,0,0,187,19,28,6.7,0,8,58,149,29,5.1,1,8,82,0,0,0,0,0,0,0,0,2,4,0,1,1,0,0,2656911
KC,HOU,212,50,4.2,26:34,14,7,5,2,4,11,1,2,2,5,2,3,162,16,25,6.5,1,3,15,50,22,2.3,1,4,29,0,0,0,0,0,0,0,0,3,3,2,2,0,0,0,2656911
WAS,DET,481,73,6.6,33:59,27,12,12,3,4,12,3,4,4,4,4,4,299,22,31,9.6,2,0,0,182,42,4.3,3,4,25,0,0,0,1,1,0,0,0,1,2,6,6,0,0,0,2656913
DET,WAS,521,68,7.7,26:01,30,19,10,1,3,9,2,2,3,6,3,3,320,25,43,7.4,1,2,16,201,23,8.7,3,5,30,5,1,4,0,0,0,0,0,1,1,4,4,0,0,0,2656913
LA,PHI,402,70,5.7,29:06,18,15,3,0,6,16,1,2,2,5,2,3,291,26,44,6.6,2,5,33,111,21,5.3,0,3,30,2,2,0,0,0,0,0,0,2,2,2,2,1,0,0,2656918
PHI,LA,350,61,5.7,30:54,16,6,9,1,6,15,1,1,0,2,0,1,65,15,20,3.3,0,7,63,285,34,8.4,3,3,14,0,0,0,0,0,0,0,0,3,3,1,3,0,0,0,2656918
BAL,BUF,416,57,7.3,28:16,23,10,13,0,7,10,1,1,2,3,1,2,240,18,25,9.6,2,2,14,176,30,5.9,1,5,43,3,2,1,0,0,0,0,0,2,2,1,1,0,0,2,2656916
BUF,BAL,273,59,4.6,31:44,20,6,12,2,5,11,1,1,3,4,2,3,126,16,22,5.7,0,1,1,147,36,4.1,3,1,10,0,0,0,0,0,0,0,0,2,2,3,3,0,0,0,2656916
WAS,PHI,350,77,4.5,29:29,22,18,4,0,7,17,4,6,1,2,0,0,251,30,49,5.1,1,3,27,99,25,4.0,1,9,47,4,3,1,0,0,0,0,0,3,3,0,0,0,1,2,2656920
PHI,WAS,459,66,7.0,30:31,28,12,13,3,5,10,1,1,7,7,7,7,230,20,28,8.2,1,2,16,229,36,6.4,7,5,30,0,0,0,0,0,0,0,0,0,1,7,7,0,0,1,2656920
BUF,KC,374,68,5.5,30:32,22,9,10,3,5,14,4,6,3,3,3,3,227,22,34,6.7,2,2,10,147,32,4.6,2,6,48,0,0,0,0,0,0,0,0,1,1,2,2,0,0,2,2656919
KC,BUF,368,63,5.8,29:28,28,14,10,4,5,9,1,1,4,6,2,3,233,18,26,9.0,1,2,12,135,35,3.9,3,5,21,1,1,0,0,0,0,0,0,1,1,3,3,0,1,1,2656919
KC,PHI,275,49,5.6,23:02,12,11,1,0,3,11,0,1,1,1,0,0,226,21,32,7.1,3,6,31,49,11,4.5,0,7,75,3,1,2,0,0,0,0,0,0,0,0,0,0,2,3,2656921
PHI,KC,345,70,4.9,36:58,21,11,7,3,3,12,0,1,2,3,1,2,210,17,23,9.1,2,2,11,135,45,3.0,1,8,59,1,0,1,1,1,0,0,0,4,4,4,4,0,0,0,2656921
